codigo_comuna,comuna_retc,establecimiento,rubro,emision_ton_total,contaminantes,nombre_comuna,ranking_v2,cai_v2
10107,Llanquihue,MIDESA LLANQUIHUE,Otras industrias manufactureras,5497.785760962781,"Carbon monoxide | Nitrogen oxides (NOx) | PM10, primary | PM2.5, primary | Sulfur dioxide",Llanquihue,1,100
10107,Llanquihue,CECINAS LLANQUIHUE,Otras industrias manufactureras,25.30160233512306,Carbon monoxide | Nitrogen oxides (NOx) | Arsenic | Cadmium | Lead | Mercury | Sulfur dioxide,Llanquihue,1,100
10107,Llanquihue,RIA AUSTRAL,Otras industrias manufactureras,9.602574049967885,"Carbon monoxide | Nitrogen oxides (NOx) | PM10, primary | PM2.5, primary | Sulfur dioxide",Llanquihue,1,100
10107,Llanquihue,PHILLIPI 2,Pesca y acuicultura,2.3525561033136326,Carbon monoxide | Nitrogen oxides (NOx),Llanquihue,1,100
10107,Llanquihue,PISCICULTURA DOMEYKO,Pesca y acuicultura,1.5188282907597572,"Carbon monoxide | Nitrogen oxides (NOx) | PM10, primary | PM2.5, primary | Sulfur dioxide",Llanquihue,1,100
10107,Llanquihue,QUILLAIPE,Pesca y acuicultura,0.21460434021554597,Carbon monoxide | Nitrogen oxides (NOx),Llanquihue,1,100
10107,Llanquihue,Llanquihue - Planta de Tratamiento de Aguas Servidas Llanquihue - Puerto Varas,"Captación, tratamiento y distribución de agua",0.154796573270228,Carbon monoxide | Nitrogen oxides (NOx),Llanquihue,1,100
10107,Llanquihue,PUERTO PHILLIPI,Pesca y acuicultura,0.082235679549809,Carbon monoxide | Nitrogen oxides (NOx),Llanquihue,1,100
10107,Llanquihue,UNIMARC LLANQUIHUE,Comercio minorista,0.0642462476204074,"Carbon monoxide | Nitrogen oxides (NOx) | Arsenic | Cadmium | Lead | Mercury | PM10, primary | PM2.5, primary | Sulfur dioxide",Llanquihue,1,100
10107,Llanquihue,Llanquihue - Planta de Tratamiento de Agua Potable Captación Superficial Llanquihue,"Captación, tratamiento y distribución de agua",0.045119683004333305,Carbon monoxide | Nitrogen oxides (NOx),Llanquihue,1,100
10107,Llanquihue,SUPERMERCADO EL TREBOL LLANQUIHUE,Comercio minorista,0.0422172472555165,Carbon monoxide | Nitrogen oxides (NOx),Llanquihue,1,100
10107,Llanquihue,AELA EOLICA LLANQUIHUE,Otras centrales de generación eléctrica,0.0262160310196916,Carbon monoxide | Nitrogen oxides (NOx),Llanquihue,1,100
10107,Llanquihue,Llanquihue Recolección AS - PEAS VPR,"Captación, tratamiento y distribución de agua",0.0250664905579633,Carbon monoxide | Nitrogen oxides (NOx),Llanquihue,1,100
10107,Llanquihue,LLANQUIHUE,Otras actividades,0.018693445274349,Carbon monoxide | Nitrogen oxides (NOx),Llanquihue,1,100
10107,Llanquihue,NESTLE CHILE S.A. FABRICA LLANQUIHUE,Otras industrias manufactureras,0.01833920184259529,"Carbon monoxide | Nitrogen oxides (NOx) | Arsenic | Lead | PM10, primary | PM2.5, primary | Sulfur dioxide",Llanquihue,1,100
10107,Llanquihue,File 948,Comercio minorista,0.0149959180355535,Carbon monoxide | Nitrogen oxides (NOx),Llanquihue,1,100
10107,Llanquihue,HOSPITAL LLANQUIHUE,Otras actividades,0.006744448574116431,Arsenic | Cadmium | Carbon monoxide | Lead | Mercury | Nitrogen oxides (NOx) | Sulfur dioxide,Llanquihue,1,100
10107,Llanquihue,KAUFMANN LLANQUIHUE,Ventas y mantención de vehículos automotores,0.006659268168280901,Carbon monoxide | Nitrogen oxides (NOx),Llanquihue,1,100
10107,Llanquihue,AREA DE SERVICIO GENERALES SUR TOTORAL,Otras actividades,0.0057439312254083065,"Arsenic | Cadmium | Carbon monoxide | Lead | Nitrogen oxides (NOx) | PM10, primary | PM2.5, primary | Sulfur dioxide",Llanquihue,1,100
10107,Llanquihue,Llanquihue Recolección AS PEAS Chaiten,Plantas de tratamiento de aguas servidas,0.0057169188991846,Carbon monoxide | Nitrogen oxides (NOx),Llanquihue,1,100
10107,Llanquihue,Llanquihue - PEAS Matta Llanquihue - Recolección de Aguas Servidas,"Captación, tratamiento y distribución de agua",0.00562896630073556,Carbon monoxide | Nitrogen oxides (NOx),Llanquihue,1,100
10107,Llanquihue,FRESIA,Otras actividades,0.00137206053580428,Carbon monoxide | Nitrogen oxides (NOx),Llanquihue,1,100
10107,Llanquihue,COPROPIEDAD CONDOMINIO PARQUE TRES VOLCANES,Otras actividades,0.00105543118138792,Carbon monoxide | Nitrogen oxides (NOx),Llanquihue,1,100
02102,Mejillones,CENTRAL TERMOELÉCTRICA ANGAMOS,Termoeléctricas,8543.187014130137,"Arsenic | Cadmium | Carbon monoxide | Lead | Mercury | PM2.5, primary | PM10, primary | Nitrogen oxides (NOx) | Sulfur dioxide",Mejillones,2,97.42709463899098
02102,Mejillones,CENTRAL TERMICA ANDINA,Termoeléctricas,524.7507150427252,"Arsenic | Cadmium | Carbon monoxide | Lead | Mercury | PM2.5, primary",Mejillones,2,97.42709463899098
02102,Mejillones,CENTRAL TÉRMICA MEJILLONES,Termoeléctricas,268.2114552959703,"Arsenic | Cadmium | Carbon monoxide | Lead | Mercury | PM2.5, primary",Mejillones,2,97.42709463899098
02102,Mejillones,CENTRAL ATACAMA,Termoeléctricas,240.1349227976308,Carbon monoxide | Arsenic | Cadmium | Lead | Mercury,Mejillones,2,97.42709463899098
02102,Mejillones,CENTRAL A GAS CICLO COMBINADO KELAR,Termoeléctricas,157.6161382524063,Carbon monoxide | Arsenic | Cadmium | Lead | Mercury,Mejillones,2,97.42709463899098
02102,Mejillones,CENTRO VACACIONAL HORNITOS,Otras actividades,31.06893354545133,"Carbon monoxide | Nitrogen oxides (NOx) | PM10, primary | PM2.5, primary | Sulfur dioxide",Mejillones,2,97.42709463899098
02102,Mejillones,GNL MEJILLONES,Otras actividades,21.153945070988346,"Arsenic | Cadmium | Carbon monoxide | Lead | Mercury | PM2.5, primary | Nitrogen oxides (NOx)",Mejillones,2,97.42709463899098
02102,Mejillones,COMPLEJO INDUSTRIAL MOLYNOR S.A.,Otras industrias manufactureras,19.604048965442423,"Carbon monoxide | Nitrogen oxides (NOx) | PM10, primary | PM2.5, primary | Sulfur dioxide | Arsenic | Cadmium | Lead",Mejillones,2,97.42709463899098
02102,Mejillones,MINERA ANTUCOYA,Minería,14.11566688745831,"Arsenic | Cadmium | Carbon monoxide | Lead | Mercury | Nitrogen oxides (NOx) | PM10, primary | PM2.5, primary | Sulfur dioxide",Mejillones,2,97.42709463899098
02102,Mejillones,Minera HMC S.A.-Faena Michilla,Minería,13.394484159201976,Carbon monoxide | Nitrogen oxides (NOx),Mejillones,2,97.42709463899098
02102,Mejillones,TERMINAL 1 COMPLEJO PORTUARIO MEJILLONES,Otras actividades,11.871445951952028,Carbon monoxide | Nitrogen oxides (NOx),Mejillones,2,97.42709463899098
02102,Mejillones,PLANTA TRATAMIENTO CORPORATIVO DE CONCENTRADO DE MOLIBDENO,Otras industrias manufactureras,11.099759950315251,"Carbon monoxide | Nitrogen oxides (NOx) | PM10, primary | PM2.5, primary | Sulfur dioxide | Arsenic | Cadmium | Lead",Mejillones,2,97.42709463899098
02102,Mejillones,PLANTA MEJILLONES,Otras industrias manufactureras,9.259533655204937,"Carbon monoxide | PM2.5, primary | Nitrogen oxides (NOx)",Mejillones,2,97.42709463899098
02102,Mejillones,PROBISA PLANTA MEJILLONES,Refinería de petróleo,7.640093273750167,"Carbon monoxide | Nitrogen oxides (NOx) | PM10, primary | PM2.5, primary | Sulfur dioxide",Mejillones,2,97.42709463899098
02102,Mejillones,SITIO MEJILLONES,"Industria química, de plástico y caucho",3.3386806371238302,Carbon monoxide | Nitrogen oxides (NOx),Mejillones,2,97.42709463899098
02102,Mejillones,GASMAR MEJILLONES,Otras actividades,1.8893296293638724,"Arsenic | Cadmium | Carbon monoxide | Lead | Mercury | PM10, primary | PM2.5, primary | Sulfur dioxide | Nitrogen oxides (NOx)",Mejillones,2,97.42709463899098
02102,Mejillones,PLANTA RECUPERADORA DE METALES,Otras industrias manufactureras,1.7220480428248714,"Carbon monoxide | Nitrogen oxides (NOx) | PM10, primary | PM2.5, primary | Sulfur dioxide",Mejillones,2,97.42709463899098
02102,Mejillones,PLANTA COPEC MEJILLONES,Comercio mayorista,1.1223664313639379,"Arsenic | Cadmium | Carbon monoxide | Lead | Nitrogen oxides (NOx) | PM10, primary | PM2.5, primary | Sulfur dioxide",Mejillones,2,97.42709463899098
02102,Mejillones,TERMINAL MARÍTIMO OXIQUIM MEJILLONES,"Industria química, de plástico y caucho",0.967078398615979,Carbon monoxide | Nitrogen oxides (NOx),Mejillones,2,97.42709463899098
02102,Mejillones,TERQUIM SA,Otras actividades,0.8021276978548201,Carbon monoxide | Nitrogen oxides (NOx),Mejillones,2,97.42709463899098
02102,Mejillones,Prospección MCAL,Minería,0.543283200619437,Carbon monoxide | Nitrogen oxides (NOx),Mejillones,2,97.42709463899098
02102,Mejillones,SUBESTACIÓN KIMAL,Otras actividades,0.30526587869677,Carbon monoxide | Nitrogen oxides (NOx),Mejillones,2,97.42709463899098
02102,Mejillones,CENTRAL TERMOELÉCTRICA COCHRANE,Termoeléctricas,0.24838221211852,Carbon monoxide,Mejillones,2,97.42709463899098
02102,Mejillones,PLANTA DE ACIDO SULFURICO MEJILLONES,"Industria química, de plástico y caucho",0.23499711762356168,"Carbon monoxide | Nitrogen oxides (NOx) | Arsenic | Cadmium | Lead | PM10, primary | PM2.5, primary | Sulfur dioxide",Mejillones,2,97.42709463899098
02102,Mejillones,VERTEDERO CERRO GRIS,Termoeléctricas,0.233865959275876,Carbon monoxide | Nitrogen oxides (NOx),Mejillones,2,97.42709463899098
02102,Mejillones,HOTEL ALTO DEL SOL MEJILLONES,Otras actividades,0.13144751548717443,"Carbon monoxide | Nitrogen oxides (NOx) | PM10, primary | PM2.5, primary | Sulfur dioxide",Mejillones,2,97.42709463899098
02102,Mejillones,MUELLE CENTINELA,Minería,0.1103981015731761,Carbon monoxide | Nitrogen oxides (NOx),Mejillones,2,97.42709463899098
02102,Mejillones,PPTAS Mejillones,"Captación, tratamiento y distribución de agua",0.083642921124993,Carbon monoxide | Nitrogen oxides (NOx),Mejillones,2,97.42709463899098
02102,Mejillones,HOTEL ALTO DEL SOL MEJILLONES EXPRESS,Otras actividades,0.075387941527708,Carbon monoxide | Nitrogen oxides (NOx),Mejillones,2,97.42709463899098
02102,Mejillones,MEJILLONES,Otras actividades,0.07300065671266376,Carbon monoxide | Nitrogen oxides (NOx),Mejillones,2,97.42709463899098
02102,Mejillones,PLANTA MEJILLONES GASCO GLP SA,Otras actividades,0.06526082804915301,Carbon monoxide | Nitrogen oxides (NOx),Mejillones,2,97.42709463899098
02102,Mejillones,SUBESTACIÓN ATACAMA,Otras actividades,0.0436394407724368,Carbon monoxide | Nitrogen oxides (NOx),Mejillones,2,97.42709463899098
02102,Mejillones,INTERACID TRAIDING CHILE SA,Otras actividades,0.034965555513397,Carbon monoxide | Nitrogen oxides (NOx),Mejillones,2,97.42709463899098
02102,Mejillones,MICHILLA COSTA SPA,Otras actividades,0.0321440361551539,Carbon monoxide | Nitrogen oxides (NOx),Mejillones,2,97.42709463899098
02102,Mejillones,TK Mejillones,"Captación, tratamiento y distribución de agua",0.0319267932369842,Carbon monoxide | Nitrogen oxides (NOx),Mejillones,2,97.42709463899098
02102,Mejillones,PLANTA POLPAICO MEJILLONES,"Producción de cemento, cal y yeso",0.0224279126044933,Carbon monoxide | Nitrogen oxides (NOx),Mejillones,2,97.42709463899098
02102,Mejillones,MOLY COP CHILE PLANTA MEJILLONES,Otras industrias manufactureras,0.0205809080370646,Carbon monoxide | Nitrogen oxides (NOx),Mejillones,2,97.42709463899098
02102,Mejillones,ASOCIACION CHILENA DE SEGURIDAD,Otras actividades,0.0149519417363292,Carbon monoxide | Nitrogen oxides (NOx),Mejillones,2,97.42709463899098
02102,Mejillones,SUBESTACIÓN KAPATUR,Otras actividades,0.0129290319720023,Carbon monoxide | Nitrogen oxides (NOx),Mejillones,2,97.42709463899098
02102,Mejillones,PLANTA DESALINIZADORA,"Captación, tratamiento y distribución de agua",0.010642264412328167,Carbon monoxide | Nitrogen oxides (NOx),Mejillones,2,97.42709463899098
02102,Mejillones,CASA DE MAQUINAS MEJILLONES,Otras actividades,0.0083554968526544,Carbon monoxide | Nitrogen oxides (NOx),Mejillones,2,97.42709463899098
02102,Mejillones,SUBESTACION ELECTRICA MEJILLONES,Termoeléctricas,0.0036940091348577403,Carbon monoxide | Nitrogen oxides (NOx),Mejillones,2,97.42709463899098
02102,Mejillones,PUERTO  MEJILLONES,Otras actividades,0.0035972612765637797,Carbon monoxide | Nitrogen oxides (NOx),Mejillones,2,97.42709463899098
02102,Mejillones,SUB ESTACION LOS CHANGOS,Otras actividades,0.00131928897673492,Carbon monoxide | Nitrogen oxides (NOx),Mejillones,2,97.42709463899098
02102,Mejillones,SUB ESTACIÓN TEN,Otras actividades,9.2350228371443e-4,Carbon monoxide | Nitrogen oxides (NOx),Mejillones,2,97.42709463899098
02102,Mejillones,TERMINAL MEJILLONES,Otras actividades,2.3747201581228298e-4,Carbon monoxide | Nitrogen oxides (NOx),Mejillones,2,97.42709463899098
02201,Calama,ENAEX PLANTA RIO LOA,"Industria química, de plástico y caucho",1047.9373872372237,"Carbon monoxide | Nitrogen oxides (NOx) | PM10, primary | PM2.5, primary | Sulfur dioxide",Calama,3,89.78880350423913
02201,Calama,DIVISIÓN MINISTRO HALES,Minería,164.5984715555418,"Carbon monoxide | Nitrogen oxides (NOx) | Arsenic | Lead | Mercury | PM10, primary | PM2.5, primary | Sulfur dioxide",Calama,3,89.78880350423913
02201,Calama,SOCIEDAD CONTRACTUAL MINERA EL ABRA,Minería,129.30344284118112,"Arsenic | Cadmium | Carbon monoxide | Lead | Nitrogen oxides (NOx) | PM10, primary | PM2.5, primary | Sulfur dioxide",Calama,3,89.78880350423913
02201,Calama,DIVISIÓN CHUQUICAMATA,Minería,118.74285078083996,"Carbon monoxide | Lead | Mercury | PM2.5, primary | Nitrogen oxides (NOx) | Cadmium",Calama,3,89.78880350423913
02201,Calama,DIVISIÓN RADOMIRO TOMIC,Minería,66.93615024811957,"Carbon monoxide | Nitrogen oxides (NOx) | Arsenic | Cadmium | Lead | Mercury | PM2.5, primary",Calama,3,89.78880350423913
02201,Calama,CENTRAL GEOTERMICA CERRO PABELLON,Otras centrales de generación eléctrica,17.061396857529452,Carbon monoxide | Nitrogen oxides (NOx),Calama,3,89.78880350423913
02201,Calama,Pozo Paty,"Captación, tratamiento y distribución de agua",12.0664808390127,Carbon monoxide | Nitrogen oxides (NOx),Calama,3,89.78880350423913
02201,Calama,PLANTA ECOMETALES,Gestores de residuos,4.6808921211288554,"Arsenic | Cadmium | Carbon monoxide | Lead | PM2.5, primary",Calama,3,89.78880350423913
02201,Calama,Embalse Conchi,"Captación, tratamiento y distribución de agua",4.21961386318888,Carbon monoxide | Nitrogen oxides (NOx),Calama,3,89.78880350423913
02201,Calama,SIERRA GORDA SCM,Minería,3.454624150029172,Carbon monoxide | Nitrogen oxides (NOx),Calama,3,89.78880350423913
02201,Calama,Planta Calama,Otras industrias manufactureras,1.8520955879521286,"Arsenic | Cadmium | Carbon monoxide | Lead | PM2.5, primary | Nitrogen oxides (NOx)",Calama,3,89.78880350423913
02201,Calama,INDUSTRIA PROVEEDORA DE PARTES METALURGICAS LTDA,Otras industrias manufactureras,1.7787875315211137,"Carbon monoxide | Nitrogen oxides (NOx) | PM10, primary | PM2.5, primary | Sulfur dioxide",Calama,3,89.78880350423913
02201,Calama,PARQUE EÓLICO CKANI,Otras centrales de generación eléctrica,1.4143789285480208,Carbon monoxide | Nitrogen oxides (NOx),Calama,3,89.78880350423913
02201,Calama,PLANTA CALAMA,Otras industrias manufactureras,1.2647048872722295,"Carbon monoxide | Nitrogen oxides (NOx) | Arsenic | Cadmium | Lead | PM10, primary | PM2.5, primary | Sulfur dioxide",Calama,3,89.78880350423913
02201,Calama,INSTALACIONES EMIN CALAMA,Construcción,1.1749587626800988,Carbon monoxide | Nitrogen oxides (NOx),Calama,3,89.78880350423913
02201,Calama,RECIMAT LTDA.,Otras industrias manufactureras,1.0582615583397228,"Carbon monoxide | Nitrogen oxides (NOx) | PM10, primary | PM2.5, primary | Sulfur dioxide",Calama,3,89.78880350423913
02201,Calama,Bloque El Loa,Minería,1.017171801062613,Carbon monoxide | Nitrogen oxides (NOx),Calama,3,89.78880350423913
02201,Calama,COMERCIAL E IMPORTADORA VILLANUEVA SPA,"Industria química, de plástico y caucho",0.69975087326019,Carbon monoxide | Nitrogen oxides (NOx),Calama,3,89.78880350423913
02201,Calama,TRATACAL SA,Plantas de tratamiento de aguas servidas,0.598077669453149,Carbon monoxide | Nitrogen oxides (NOx),Calama,3,89.78880350423913
02201,Calama,TALLER CALAMA,Otras actividades,0.59623066488572,Carbon monoxide | Nitrogen oxides (NOx),Calama,3,89.78880350423913
02201,Calama,ESTAN028  MONTECRISTO,Otras actividades,0.58207029653543,Carbon monoxide | Nitrogen oxides (NOx),Calama,3,89.78880350423913
02201,Calama,J614 - JUMBO CALAMA,Comercio minorista,0.4648838093154079,"Carbon monoxide | Nitrogen oxides (NOx) | Arsenic | Cadmium | Lead | Mercury | PM10, primary | PM2.5, primary | Sulfur dioxide",Calama,3,89.78880350423913
02201,Calama,KOMATSU SUCURSAL CALAMA,Ventas y mantención de vehículos automotores,0.384880570812792,Carbon monoxide | Nitrogen oxides (NOx),Calama,3,89.78880350423913
02201,Calama,LIDER CALAMA,Comercio minorista,0.29579711698172273,"Carbon monoxide | Nitrogen oxides (NOx) | PM10, primary | PM2.5, primary | Sulfur dioxide",Calama,3,89.78880350423913
02201,Calama,Nuevo Aeropuerto El Loa,Otras actividades,0.2653148136595241,"Arsenic | Cadmium | Carbon monoxide | Lead | Nitrogen oxides (NOx) | PM10, primary | PM2.5, primary | Sulfur dioxide",Calama,3,89.78880350423913
02201,Calama,UNIMARC BRASILIA,Comercio minorista,0.23433085158196099,Carbon monoxide | Nitrogen oxides (NOx),Calama,3,89.78880350423913
02201,Calama,HIPER CALAMA,Comercio minorista,0.2250889703469138,"Carbon monoxide | Nitrogen oxides (NOx) | PM10, primary | PM2.5, primary | Sulfur dioxide",Calama,3,89.78880350423913
02201,Calama,TOTTUS CALAMA CENTRO,Comercio minorista,0.20419077171647118,"Carbon monoxide | Nitrogen oxides (NOx) | PM10, primary | PM2.5, primary | Sulfur dioxide",Calama,3,89.78880350423913
02201,Calama,PLANTA FOTOVOLTAICA USYA,Otras centrales de generación eléctrica,0.16816044288896398,Carbon monoxide | Nitrogen oxides (NOx),Calama,3,89.78880350423913
02201,Calama,Canal Topater,"Captación, tratamiento y distribución de agua",0.158138772011287,Carbon monoxide | Nitrogen oxides (NOx),Calama,3,89.78880350423913
02201,Calama,PARQUE EOLICO VALLE DE LOS VIENTOS,Otras centrales de generación eléctrica,0.145033834842389,Carbon monoxide | Nitrogen oxides (NOx),Calama,3,89.78880350423913
02201,Calama,MALL PLAZA CALAMA,Otras actividades,0.141216692069704,Carbon monoxide | Nitrogen oxides (NOx),Calama,3,89.78880350423913
02201,Calama,FN336  TURI  FDT,Otras actividades,0.140724157518392,Carbon monoxide | Nitrogen oxides (NOx),Calama,3,89.78880350423913
02201,Calama,UNIMARC CALAMA I,Comercio minorista,0.12376187067465601,Carbon monoxide | Nitrogen oxides (NOx),Calama,3,89.78880350423913
02201,Calama,KAUFMANN CALAMA,Ventas y mantención de vehículos automotores,0.112403420817813,Carbon monoxide | Nitrogen oxides (NOx),Calama,3,89.78880350423913
02201,Calama,PROYECTO FOTOVOLTAICO FINIS TERRAE,Otras centrales de generación eléctrica,0.1109082266441801,Carbon monoxide | Nitrogen oxides (NOx),Calama,3,89.78880350423913
02201,Calama,CIA DE LEASING TATTERSALL,Otras actividades,0.107741933100016,Carbon monoxide | Nitrogen oxides (NOx),Calama,3,89.78880350423913
02201,Calama,LIDER CALAMA GRECIA,Comercio minorista,0.10404223049077771,"Carbon monoxide | Nitrogen oxides (NOx) | Arsenic | Cadmium | Lead | Mercury | PM10, primary | PM2.5, primary | Sulfur dioxide",Calama,3,89.78880350423913
02201,Calama,UNIMARC CALAMA II,Comercio minorista,0.103344303177567,Carbon monoxide | Nitrogen oxides (NOx),Calama,3,89.78880350423913
02201,Calama,PLANTA DE EXTRACCIÓN Y PROCESAMIENTO DE ÁRIDOS SECTOR CALAMA,Minería,0.102112966799281,Carbon monoxide | Nitrogen oxides (NOx),Calama,3,89.78880350423913
02201,Calama,HOMECENTER CALAMA,Comercio mayorista,0.09921053105046401,Carbon monoxide | Nitrogen oxides (NOx),Calama,3,89.78880350423913
02201,Calama,Planta de Filtros Cerro Topater,"Captación, tratamiento y distribución de agua",0.087882236370234,Carbon monoxide | Nitrogen oxides (NOx),Calama,3,89.78880350423913
02201,Calama,ABCDIN Calama,Comercio minorista,0.086721262070708,Carbon monoxide | Nitrogen oxides (NOx),Calama,3,89.78880350423913
02201,Calama,SK CALAMA,Ventas y mantención de vehículos automotores,0.07810190742270601,Carbon monoxide | Nitrogen oxides (NOx),Calama,3,89.78880350423913
02201,Calama,"Aerodromo El Loa, Calama",Otras actividades,0.075208266933734,Carbon monoxide | Nitrogen oxides (NOx),Calama,3,89.78880350423913
02201,Calama,HORMIGONES READY MIX CALAMA,Otras industrias manufactureras,0.071769320334378,Carbon monoxide | Nitrogen oxides (NOx),Calama,3,89.78880350423913
02201,Calama,PLANTA SOLAR SAN PEDRO III,Otras centrales de generación eléctrica,0.07036207875919501,Carbon monoxide | Nitrogen oxides (NOx),Calama,3,89.78880350423913
02201,Calama,File 11 OHIGGINS,Comercio minorista,0.066492164427439,Carbon monoxide | Nitrogen oxides (NOx),Calama,3,89.78880350423913
02201,Calama,Parque Fotovoltaico Azabache,Otras centrales de generación eléctrica,0.0518920330849056,Carbon monoxide | Nitrogen oxides (NOx),Calama,3,89.78880350423913
02201,Calama,SUCURSAL CALAMA,Comercio mayorista,0.0480614880115036,Carbon monoxide | Nitrogen oxides (NOx),Calama,3,89.78880350423913
02201,Calama,CALAMA APIAC 34,Minería,0.042498695570553795,Carbon monoxide | Nitrogen oxides (NOx),Calama,3,89.78880350423913
02201,Calama,PEAP Puente Negro,"Captación, tratamiento y distribución de agua",0.0388750485144546,Carbon monoxide | Nitrogen oxides (NOx),Calama,3,89.78880350423913
02201,Calama,OFICINA VIVAR,Otras actividades,0.0385839254135891,Carbon monoxide | Nitrogen oxides (NOx),Calama,3,89.78880350423913
02201,Calama,CALAMA,Otras actividades,0.035181039379597503,Carbon monoxide | Nitrogen oxides (NOx),Calama,3,89.78880350423913
02201,Calama,CALAMA 3,Otras actividades,0.0325424614261274,Carbon monoxide | Nitrogen oxides (NOx),Calama,3,89.78880350423913
02201,Calama,INACAP SEDE CALAMA,Otras actividades,0.03167404623675219,"Arsenic | Cadmium | Carbon monoxide | Lead | Mercury | PM10, primary | PM2.5, primary | Sulfur dioxide | Nitrogen oxides (NOx)",Calama,3,89.78880350423913
02201,Calama,TCCU CALAMA,Otras actividades,0.0285845944959223,Carbon monoxide | Nitrogen oxides (NOx),Calama,3,89.78880350423913
02201,Calama,P577 - PARIS CALAMA,Comercio minorista,0.0281448315036783,Carbon monoxide | Nitrogen oxides (NOx),Calama,3,89.78880350423913
02201,Calama,Agencia Zonal El Loa,"Captación, tratamiento y distribución de agua",0.025682158747106498,Carbon monoxide | Nitrogen oxides (NOx),Calama,3,89.78880350423913
02201,Calama,SCOTIABANK CHILE CALAMA (SOTOMAYOR 1919,Otras actividades,0.023483343785881503,Carbon monoxide | Nitrogen oxides (NOx),Calama,3,89.78880350423913
02201,Calama,N820 - SISA CALAMA-GRANADERO,Comercio minorista,0.018488154511782203,"Carbon monoxide | Nitrogen oxides (NOx) | Arsenic | Cadmium | Lead | Mercury | PM10, primary | PM2.5, primary | Sulfur dioxide",Calama,3,89.78880350423913
02201,Calama,CALAMA MONTECRISTO,Otras actividades,0.0183820930758396,Carbon monoxide | Nitrogen oxides (NOx),Calama,3,89.78880350423913
02201,Calama,SALINAS Y FABRES CALAMA CIRCUNVALACIÓN,Ventas y mantención de vehículos automotores,0.0166230411068596,Carbon monoxide | Nitrogen oxides (NOx),Calama,3,89.78880350423913
02201,Calama,RIPLEY MALL CALAMA,Comercio minorista,0.014512178744084201,Carbon monoxide | Nitrogen oxides (NOx),Calama,3,89.78880350423913
02201,Calama,San Pedro de Atacama I,Otras centrales de generación eléctrica,0.0144620457629684,Carbon monoxide | Nitrogen oxides (NOx),Calama,3,89.78880350423913
02201,Calama,Parque Eólico Calama,Otras centrales de generación eléctrica,0.0139492821140105,Carbon monoxide | Nitrogen oxides (NOx),Calama,3,89.78880350423913
02201,Calama,NUEVO CALAMA,Comercio minorista,0.0125156547592921,Carbon monoxide | Nitrogen oxides (NOx),Calama,3,89.78880350423913
02201,Calama,BANCO DE CHILE CALAMA,Otras actividades,0.0105543118138792,Carbon monoxide | Nitrogen oxides (NOx),Calama,3,89.78880350423913
02201,Calama,CALAMA SOTOMAYOR,Otras actividades,0.0105543118138792,Carbon monoxide | Nitrogen oxides (NOx),Calama,3,89.78880350423913
02201,Calama,PLANTA CALAMA,Otras actividades,0.0105543118138792,Carbon monoxide | Nitrogen oxides (NOx),Calama,3,89.78880350423913
02201,Calama,ASOCIACION CHILENA DE SEGURIDAD,Otras actividades,0.01003068170016647,"Arsenic | Cadmium | Carbon monoxide | Lead | Nitrogen oxides (NOx) | PM10, primary | PM2.5, primary | Sulfur dioxide",Calama,3,89.78880350423913
02201,Calama,FALABELLA CALAMA,Comercio minorista,0.0089711650417973,Carbon monoxide | Nitrogen oxides (NOx),Calama,3,89.78880350423913
02201,Calama,NODO NORTE,Construcción,0.008619354648001301,Carbon monoxide | Nitrogen oxides (NOx),Calama,3,89.78880350423913
02201,Calama,"BANCO DE CRÉDITO E INVERSIONES, SUCURSAL  MALL CALAMA",Otras actividades,0.0084183201372608,Carbon monoxide | Nitrogen oxides (NOx),Calama,3,89.78880350423913
02201,Calama,FILE 10,Comercio minorista,0.0066008425135969,Carbon monoxide | Nitrogen oxides (NOx),Calama,3,89.78880350423913
02201,Calama,FISCALIA LOCAL DE CALAMA,Otras actividades,0.005804871497633601,Carbon monoxide | Nitrogen oxides (NOx),Calama,3,89.78880350423913
02201,Calama,CLINICA MUTUAL DE SEGURIDAD CCHC CALAMA,Otras actividades,0.00439762992244965,Carbon monoxide | Nitrogen oxides (NOx),Calama,3,89.78880350423913
02201,Calama,AEROPLANTA CALAMA,Comercio mayorista,0.00432726784369047,Carbon monoxide | Nitrogen oxides (NOx),Calama,3,89.78880350423913
02201,Calama,CUMMINS CALAMA,Comercio mayorista,0.00422172472555165,Carbon monoxide | Nitrogen oxides (NOx),Calama,3,89.78880350423913
02201,Calama,Subestación Calama Nueva,Otras actividades,0.00351810393795974,Carbon monoxide | Nitrogen oxides (NOx),Calama,3,89.78880350423913
02201,Calama,CALAMA POTRERILLOS,Otras actividades,0.00334219874106174,Carbon monoxide | Nitrogen oxides (NOx),Calama,3,89.78880350423913
02201,Calama,SUCURSAL CALAMA,Ventas y mantención de vehículos automotores,0.00334219874106174,Carbon monoxide | Nitrogen oxides (NOx),Calama,3,89.78880350423913
02201,Calama,HUB CALAMA,Otras actividades,0.0029112310086616897,Carbon monoxide | Nitrogen oxides (NOx),Calama,3,89.78880350423913
02201,Calama,SUCURSAL CALAMA,Otras actividades,0.00267522486949018,Carbon monoxide | Nitrogen oxides (NOx),Calama,3,89.78880350423913
02201,Calama,SUCURSAL PORTALES,Otras actividades,0.00235063789902366,Carbon monoxide | Nitrogen oxides (NOx),Calama,3,89.78880350423913
02201,Calama,BANCO DE CHILE CALAMA SOTOMAYOR,Otras actividades,0.00219881496122483,Carbon monoxide | Nitrogen oxides (NOx),Calama,3,89.78880350423913
02201,Calama,CN3 CALAMA,Otras actividades,0.00202290976432682,Carbon monoxide | Nitrogen oxides (NOx),Calama,3,89.78880350423913
02201,Calama,SUBESTACION ELECTRICA NUEVA CHUQUICAMATA,Otras actividades,9.6747858293892e-4,Carbon monoxide | Nitrogen oxides (NOx),Calama,3,89.78880350423913
02201,Calama,NA,Minería,0,Sulfur dioxide,Calama,3,89.78880350423913
05105,Puchuncaví,CENTRAL TERMOELECTRICA CAMPICHE,Termoeléctricas,62.90450189891624,"Arsenic | Cadmium | Carbon monoxide | Lead | Mercury | PM2.5, primary | Nitrogen oxides (NOx)",Puchuncaví,4,79.52714923601438
05105,Puchuncaví,CENTRAL TERMOELÉCTRICA NUEVA VENTANAS,Termoeléctricas,56.07541813710246,"Arsenic | Cadmium | Carbon monoxide | Lead | Mercury | PM2.5, primary | Nitrogen oxides (NOx)",Puchuncaví,4,79.52714923601438
05105,Puchuncaví,REFINERIA VENTANAS,Minería,41.47701493359734,"Carbon monoxide | Cadmium | Lead | Mercury | PM2.5, primary",Puchuncaví,4,79.52714923601438
05105,Puchuncaví,Proyecto Aconcagua,"Captación, tratamiento y distribución de agua",15.575371742284958,Carbon monoxide | Nitrogen oxides (NOx),Puchuncaví,4,79.52714923601438
05105,Puchuncaví,Planta Asfaltos La Greda,Otras actividades,1.38809670092413,"Arsenic | Cadmium | Carbon monoxide | Lead | Mercury | PM10, primary | PM2.5, primary | Sulfur dioxide",Puchuncaví,4,79.52714923601438
05105,Puchuncaví,ESTACIÓN ELEVADORA DE AP QUIRIYUCA,"Captación, tratamiento y distribución de agua",0.31156328474571005,Carbon monoxide | Nitrogen oxides (NOx),Puchuncaví,4,79.52714923601438
05105,Puchuncaví,MARBELLA,Otras actividades,0.267639757080285,Carbon monoxide | Nitrogen oxides (NOx),Puchuncaví,4,79.52714923601438
05105,Puchuncaví,PUERTO VENTANAS SA,Otras actividades,0.220072599528393,Carbon monoxide | Nitrogen oxides (NOx),Puchuncaví,4,79.52714923601438
05105,Puchuncaví,J872 JUMBO MAITENCILLO,Comercio minorista,0.133336139248673,Carbon monoxide | Nitrogen oxides (NOx),Puchuncaví,4,79.52714923601438
05105,Puchuncaví,EXPRESS MAITENCILLO,Comercio minorista,0.10471985567336092,"Carbon monoxide | Nitrogen oxides (NOx) | PM10, primary | PM2.5, primary | Sulfur dioxide",Puchuncaví,4,79.52714923601438
05105,Puchuncaví,ESTANQUE LOMAS BLANCAS,"Captación, tratamiento y distribución de agua",0.093247344875623,Carbon monoxide | Nitrogen oxides (NOx),Puchuncaví,4,79.52714923601438
05105,Puchuncaví,PLANTA DE TRATAMIENTO DE AS PUCHUNCAVÍ,Plantas de tratamiento de aguas servidas,0.07584152564256699,Carbon monoxide | Nitrogen oxides (NOx),Puchuncaví,4,79.52714923601438
05105,Puchuncaví,CONDOMINIO PLAYA ABANICO,Otras actividades,0.063325870883275,Carbon monoxide | Nitrogen oxides (NOx),Puchuncaví,4,79.52714923601438
05105,Puchuncaví,UNIMARC PUCHUNCAVI,Comercio minorista,0.06033581691399205,"Carbon monoxide | Nitrogen oxides (NOx) | PM10, primary | PM2.5, primary | Sulfur dioxide",Puchuncaví,4,79.52714923601438
05105,Puchuncaví,ESTANQUE VENTANAS,"Captación, tratamiento y distribución de agua",0.045313178720921,Carbon monoxide | Nitrogen oxides (NOx),Puchuncaví,4,79.52714923601438
05105,Puchuncaví,MAITENCILLO,Otras actividades,0.0239231067781265,Carbon monoxide | Nitrogen oxides (NOx),Puchuncaví,4,79.52714923601438
05105,Puchuncaví,CUR - ARAUCO PREMIUM&nbsp;OUTLET CURAUMA,Otras actividades,0.017485856097643998,Carbon monoxide | Nitrogen oxides (NOx),Puchuncaví,4,79.52714923601438
05105,Puchuncaví,SISTEMA PRODUCTIVO DE AGUA POTABLE PUCHUNCAVÍ,"Captación, tratamiento y distribución de agua",0.013720605358042799,Carbon monoxide | Nitrogen oxides (NOx),Puchuncaví,4,79.52714923601438
05105,Puchuncaví,F405 PUCHUNCAVÍ,Comercio minorista,0.0131928897673492,Carbon monoxide | Nitrogen oxides (NOx),Puchuncaví,4,79.52714923601438
05105,Puchuncaví,ESTANQUE HORCÓN,"Captación, tratamiento y distribución de agua",0.0073880182697154,Carbon monoxide | Nitrogen oxides (NOx),Puchuncaví,4,79.52714923601438
05105,Puchuncaví,FERRETERIA HIGUERILLAS,Comercio minorista,0.00615668189142957,Carbon monoxide | Nitrogen oxides (NOx),Puchuncaví,4,79.52714923601438
05105,Puchuncaví,CENTRO DE ATENCIÓN MEDICA MAITENCILLO DE CLINICA ALEMANA DE SANTIAGO,Otras actividades,0.0041337721271026496,Carbon monoxide | Nitrogen oxides (NOx),Puchuncaví,4,79.52714923601438
05105,Puchuncaví,PUCHUNCAVI,Otras actividades,0.00299038834726573,Carbon monoxide | Nitrogen oxides (NOx),Puchuncaví,4,79.52714923601438
05105,Puchuncaví,BANCO DEL ESTADO DE CHILE - SUCURSAL PUCHUNCAVI,Otras actividades,0.0013339477431430198,Carbon monoxide | Nitrogen oxides (NOx),Puchuncaví,4,79.52714923601438
05105,Puchuncaví,NA,Minería,0,Sulfur dioxide,Puchuncaví,4,79.52714923601438
03304,Huasco,GUACOLDA,Termoeléctricas,1183.9584136969988,"Arsenic | Cadmium | Carbon monoxide | Lead | Mercury | PM2.5, primary | PM10, primary | Nitrogen oxides (NOx) | Sulfur dioxide",Huasco,5,77.27247219830895
03304,Huasco,PLANTA DE PELLETS,Minería,12.02841555957244,"Carbon monoxide | Nitrogen oxides (NOx) | Arsenic | Cadmium | Lead | Mercury | PM2.5, primary",Huasco,5,77.27247219830895
03304,Huasco,MINA LOS COLORADOS,Minería,4.620849219683251,Carbon monoxide | Nitrogen oxides (NOx),Huasco,5,77.27247219830895
03304,Huasco,Hospital Manuel Magalhaes Medling,Otras actividades,0.105543118138792,Carbon monoxide | Nitrogen oxides (NOx),Huasco,5,77.27247219830895
03304,Huasco,SE Huasco,Otras actividades,0.104901064170114,Carbon monoxide | Nitrogen oxides (NOx),Huasco,5,77.27247219830895
03304,Huasco,PUERTO LAS LOSAS,Otras actividades,0.092789991363688,Carbon monoxide | Nitrogen oxides (NOx),Huasco,5,77.27247219830895
03304,Huasco,PEAS EL FARO,"Captación, tratamiento y distribución de agua",0.0310648577721847,Carbon monoxide | Nitrogen oxides (NOx),Huasco,5,77.27247219830895
03304,Huasco,HUASCO,Termoeléctricas,0.017600445443187996,Arsenic | Cadmium | Carbon monoxide | Lead | Mercury,Huasco,5,77.27247219830895
03304,Huasco,PEAS CONCHERIA,"Captación, tratamiento y distribución de agua",0.014776036539431001,Carbon monoxide | Nitrogen oxides (NOx),Huasco,5,77.27247219830895
03304,Huasco,File 26 SHELL Huasco,Comercio minorista,0.0071866068192672,Carbon monoxide | Nitrogen oxides (NOx),Huasco,5,77.27247219830895
03304,Huasco,EMISARIO HUASCO,"Captación, tratamiento y distribución de agua",0.0058928240960826,Carbon monoxide | Nitrogen oxides (NOx),Huasco,5,77.27247219830895
03304,Huasco,PEAS HUASCO BAJO,"Captación, tratamiento y distribución de agua",0.0013896510554941,Carbon monoxide | Nitrogen oxides (NOx),Huasco,5,77.27247219830895
03304,Huasco,OC HUASCO,Otras actividades,3.5181039379597395e-4,Carbon monoxide | Nitrogen oxides (NOx),Huasco,5,77.27247219830895
05702,Catemu,COMPAÑÍA MINERA AMALIA LTDA,Minería,50.87669463321827,"Carbon monoxide | Nitrogen oxides (NOx) | Arsenic | Cadmium | Lead | Mercury | PM10, primary | PM2.5, primary | Sulfur dioxide",Catemu,6,72.18161120805809
05702,Catemu,ANGLO AMERICAN SUR S.A.,Otras industrias manufactureras,46.69529269543959,"Lead | Mercury | Carbon monoxide | Nitrogen oxides (NOx) | Cadmium | PM2.5, primary",Catemu,6,72.18161120805809
05702,Catemu,PROYECTO EL SECO,Minería,10.1510491499905,Carbon monoxide | Nitrogen oxides (NOx),Catemu,6,72.18161120805809
05702,Catemu,PROYECTO MINERO UVA,Minería,5.4856317100952,Carbon monoxide | Nitrogen oxides (NOx),Catemu,6,72.18161120805809
05702,Catemu,SISTEMA PRODUCTIVO DE AGUA POTABLE CATEMU,"Captación, tratamiento y distribución de agua",0.135235915375173,Carbon monoxide | Nitrogen oxides (NOx),Catemu,6,72.18161120805809
05702,Catemu,PLANTA DE TRATAMIENTO AS CATEMU,Plantas de tratamiento de aguas servidas,0.104540458516474,Carbon monoxide | Nitrogen oxides (NOx),Catemu,6,72.18161120805809
05702,Catemu,CENTRO DE SALUD FAMILIAR EDUARDO RAGGIO LANATA,Otras actividades,0.033259763995314814,"Carbon monoxide | Nitrogen oxides (NOx) | PM10, primary | PM2.5, primary | Sulfur dioxide",Catemu,6,72.18161120805809
05702,Catemu,BOOSTER CERRO SAN JOSÉ. CATEMU,"Captación, tratamiento y distribución de agua",0.0107055902832115,Carbon monoxide | Nitrogen oxides (NOx),Catemu,6,72.18161120805809
05702,Catemu,NA,Otras industrias manufactureras,0,Sulfur dioxide,Catemu,6,72.18161120805809
05502,Calera,CEMENTO MELÓN PLANTA LA CALERA,"Producción de cemento, cal y yeso",66.1906286199632,"Carbon monoxide | Lead | Mercury | Arsenic | Cadmium | PM2.5, primary | Sulfur dioxide",Calera,7,65.68643519595572
05502,Calera,SOPRAVAL,Otras actividades,64.1428016098025,Arsenic | Cadmium | Lead | Mercury | Carbon monoxide,Calera,7,65.68643519595572
05502,Calera,Sondaje N°3 Artificio,"Captación, tratamiento y distribución de agua",24.0539538588384,Carbon monoxide | Nitrogen oxides (NOx),Calera,7,65.68643519595572
05502,Calera,SOPRAVAL SA,Producción agropecuaria,21.706247116111275,"Carbon monoxide | Nitrogen oxides (NOx) | PM10, primary | PM2.5, primary | Sulfur dioxide | Arsenic | Cadmium | Lead | Mercury",Calera,7,65.68643519595572
05502,Calera,Sondaje N°1 Artificio,"Captación, tratamiento y distribución de agua",2.99638671447997,Carbon monoxide | Nitrogen oxides (NOx),Calera,7,65.68643519595572
05502,Calera,HOSPITAL DR MARIO SANCHEZ VERGARA LA CALERA,Otras actividades,1.1589377774800984,"Carbon monoxide | Nitrogen oxides (NOx) | PM10, primary | PM2.5, primary | Sulfur dioxide",Calera,7,65.68643519595572
05502,Calera,ALGAS MARINAS LA CALERA,Pesca y acuicultura,0.6079068072705321,"Carbon monoxide | Nitrogen oxides (NOx) | Arsenic | Cadmium | Lead | Mercury | PM10, primary | PM2.5, primary | Sulfur dioxide",Calera,7,65.68643519595572
05502,Calera,N549 - SISA LA CALERA-ZENTENO,Comercio minorista,0.403878332077774,Carbon monoxide | Nitrogen oxides (NOx),Calera,7,65.68643519595572
05502,Calera,CO LA CALERA,Otras actividades,0.267639757080285,Carbon monoxide | Nitrogen oxides (NOx),Calera,7,65.68643519595572
05502,Calera,LIDER LA CALERA,Comercio minorista,0.17416664178425018,"Carbon monoxide | Nitrogen oxides (NOx) | PM10, primary | PM2.5, primary | Sulfur dioxide",Calera,7,65.68643519595572
05502,Calera,OP LA CALERA,Otras actividades,0.13289637625642858,Carbon monoxide | Nitrogen oxides (NOx),Calera,7,65.68643519595572
05502,Calera,TOTTUS CALERA JJ PEREZ,Comercio minorista,0.09813703823544315,"Carbon monoxide | Nitrogen oxides (NOx) | PM10, primary | PM2.5, primary | Sulfur dioxide",Calera,7,65.68643519595572
05502,Calera,EXPRESS LA CALERA,Comercio minorista,0.09477391069754378,"Carbon monoxide | Nitrogen oxides (NOx) | PM10, primary | PM2.5, primary | Sulfur dioxide",Calera,7,65.68643519595572
05502,Calera,FALABELLA CALERA,Comercio minorista,0.077574191832012,Carbon monoxide | Nitrogen oxides (NOx),Calera,7,65.68643519595572
05502,Calera,RIPLEY LA CALERA,Comercio minorista,0.07055557447578299,Carbon monoxide | Nitrogen oxides (NOx),Calera,7,65.68643519595572
05502,Calera,HOMECENTER LA CALERA,Comercio mayorista,0.060247529937560995,Carbon monoxide | Nitrogen oxides (NOx),Calera,7,65.68643519595572
05502,Calera,SUPER BODEGA ACUENTA LA CALERA,Comercio minorista,0.059948491102834,Carbon monoxide | Nitrogen oxides (NOx),Calera,7,65.68643519595572
05502,Calera,SPAP Oriente,"Captación, tratamiento y distribución de agua",0.0408100056803329,Carbon monoxide | Nitrogen oxides (NOx),Calera,7,65.68643519595572
05502,Calera,Sondajes Oriente 1 y 2,"Captación, tratamiento y distribución de agua",0.0408100056803329,Carbon monoxide | Nitrogen oxides (NOx),Calera,7,65.68643519595572
05502,Calera,N544 - SISA LA CALERA-J.J. PÉREZ,Comercio minorista,0.029587254118241,Carbon monoxide | Nitrogen oxides (NOx),Calera,7,65.68643519595572
05502,Calera,LA CALERA,Otras actividades,0.02321948599053442,Carbon monoxide | Nitrogen oxides (NOx),Calera,7,65.68643519595572
05502,Calera,F 58 HIJUELAS,Comercio minorista,0.0215096874766855,Carbon monoxide | Nitrogen oxides (NOx),Calera,7,65.68643519595572
05502,Calera,Sondaje N°2 Artificio,"Captación, tratamiento y distribución de agua",0.0154092952482637,Carbon monoxide | Nitrogen oxides (NOx),Calera,7,65.68643519595572
05502,Calera,M10 LA CALERA,Comercio minorista,0.0138211226134134,Carbon monoxide | Nitrogen oxides (NOx),Calera,7,65.68643519595572
05502,Calera,AGROCOMERCIAL QUILLOTA S.A. (PROPAL),Producción agropecuaria,0.010114548821634286,Carbon monoxide | Nitrogen oxides (NOx),Calera,7,65.68643519595572
05502,Calera,BANCO DE CHILE LA CALERA,Otras actividades,0.0074759708681644,Carbon monoxide | Nitrogen oxides (NOx),Calera,7,65.68643519595572
05502,Calera,SPAP San Diego,"Captación, tratamiento y distribución de agua",0.0073880182697154,Carbon monoxide | Nitrogen oxides (NOx),Calera,7,65.68643519595572
05502,Calera,Juzgado de Garantía de La Calera,Otras actividades,0.00422172472555165,Carbon monoxide | Nitrogen oxides (NOx),Calera,7,65.68643519595572
05502,Calera,ESTACIÓN ELEVADORA PORVENIR,Plantas de tratamiento de aguas servidas,0.00235712963843301,Carbon monoxide | Nitrogen oxides (NOx),Calera,7,65.68643519595572
05502,Calera,ESTACION ELEVADORA DE AS ARTIFICIO,Plantas de tratamiento de aguas servidas,7.2121130728175e-4,Carbon monoxide | Nitrogen oxides (NOx),Calera,7,65.68643519595572
05502,Calera,SEDE LA CALERA,Otras actividades,5.27715590693956e-4,Carbon monoxide | Nitrogen oxides (NOx),Calera,7,65.68643519595572
09202,Collipulli,CMPC PULP SA PLANTA PACIFICO,Industria del papel y celulosa,6066.3852559041325,"Arsenic | Cadmium | Carbon monoxide | Lead | Mercury | PM2.5, primary | Nitrogen oxides (NOx) | PM10, primary | Sulfur dioxide",Collipulli,8,64.20683147632401
09202,Collipulli,ALIMENTOS EL GLOBO SA - COLLIPULLI,Otras industrias manufactureras,14.331517629545164,Arsenic | Cadmium | Carbon monoxide | Lead | Mercury | Nitrogen oxides (NOx) | Sulfur dioxide,Collipulli,8,64.20683147632401
09202,Collipulli,PLYWOOD,Industria de la madera y silvicultura,1.38836685708778,"Carbon monoxide | Nitrogen oxides (NOx) | PM10, primary | PM2.5, primary | Sulfur dioxide",Collipulli,8,64.20683147632401
09202,Collipulli,HOSPITAL SAN AGUSTÍN DE COLLIPULLI,Otras actividades,1.077236781074397,"Arsenic | Cadmium | Carbon monoxide | Lead | Mercury | Nitrogen oxides (NOx) | Sulfur dioxide | PM10, primary | PM2.5, primary",Collipulli,8,64.20683147632401
09202,Collipulli,PLANTA MININCO,"Industria química, de plástico y caucho",0.8086185996203601,Carbon monoxide | Nitrogen oxides (NOx),Collipulli,8,64.20683147632401
09202,Collipulli,COLLIPULLI,Otras actividades,0.691835139399779,Carbon monoxide | Nitrogen oxides (NOx),Collipulli,8,64.20683147632401
09202,Collipulli,FAENAS DE PARQUE EOLICO MALLECO,Otras centrales de generación eléctrica,0.623583923003359,Carbon monoxide | Nitrogen oxides (NOx),Collipulli,8,64.20683147632401
09202,Collipulli,PLANTA ELEVADORA DE AGUA POTABLE - COLLIPULLI,"Captación, tratamiento y distribución de agua",0.35304173017426,Carbon monoxide | Nitrogen oxides (NOx),Collipulli,8,64.20683147632401
09202,Collipulli,UNIMARC COLLIPULLI,Comercio minorista,0.1371639137379341,"Carbon monoxide | Nitrogen oxides (NOx) | PM10, primary | PM2.5, primary | Sulfur dioxide",Collipulli,8,64.20683147632401
09202,Collipulli,PLANTA DE TRATAMIENTO DE AGUA POTABLE - COLLIPULLI,"Captación, tratamiento y distribución de agua",0.118208292315447,Carbon monoxide | Nitrogen oxides (NOx),Collipulli,8,64.20683147632401
09202,Collipulli,Sala Cuna y Jardín Infantil Peumayen,Otras actividades,0.11799443481214797,Arsenic | Cadmium | Carbon monoxide | Lead | Mercury | Nitrogen oxides (NOx) | Sulfur dioxide,Collipulli,8,64.20683147632401
09202,Collipulli,Sala Cuna y Jardín Rayun del Malleco,Otras actividades,0.11799443481214797,Arsenic | Cadmium | Carbon monoxide | Lead | Mercury | Nitrogen oxides (NOx) | Sulfur dioxide,Collipulli,8,64.20683147632401
09202,Collipulli,PLANTA ELEVADORA DE AGUA POTABLE - MININCO,"Captación, tratamiento y distribución de agua",0.08091639057307401,Carbon monoxide | Nitrogen oxides (NOx),Collipulli,8,64.20683147632401
09202,Collipulli,SUPERMERCADOS EL TRÉBOL COLLIPULLI,Comercio minorista,0.06979843920526456,"Carbon monoxide | Nitrogen oxides (NOx) | PM10, primary | PM2.5, primary | Sulfur dioxide",Collipulli,8,64.20683147632401
09202,Collipulli,PLANTA DE TRATAMIENTO DE AGUA POTABLE - MININCO,"Captación, tratamiento y distribución de agua",0.044855825208986504,Carbon monoxide | Nitrogen oxides (NOx),Collipulli,8,64.20683147632401
09202,Collipulli,SUPER BODEGA ACUENTA ALCAZAR,Comercio minorista,0.038101065648103796,Carbon monoxide | Nitrogen oxides (NOx),Collipulli,8,64.20683147632401
09202,Collipulli,FISCALIA LOCAL DE COLLIPULLI,Otras actividades,0.03658884190585117,"Arsenic | Cadmium | Carbon monoxide | Lead | Nitrogen oxides (NOx) | PM10, primary | PM2.5, primary | Sulfur dioxide",Collipulli,8,64.20683147632401
09202,Collipulli,PLANTA REELEVADORA DE AGUA POTABLE -SANTA LUCIA- COLLIPULLI,"Captación, tratamiento y distribución de agua",0.0292882152835151,Carbon monoxide | Nitrogen oxides (NOx),Collipulli,8,64.20683147632401
09202,Collipulli,VIDADIAL COLLIPULLI,Otras actividades,0.0215483866200032,Carbon monoxide | Nitrogen oxides (NOx),Collipulli,8,64.20683147632401
09202,Collipulli,HOSPEDAJE SANTA AMELIA,Industria de la madera y silvicultura,0.0175201576110391,Carbon monoxide | Nitrogen oxides (NOx),Collipulli,8,64.20683147632401
09202,Collipulli,PLANTA ELEVADORA DE AGUAS SERVIDAS -MICHIGAN-COLLIPULLI,"Captación, tratamiento y distribución de agua",0.0147056744606719,Carbon monoxide | Nitrogen oxides (NOx),Collipulli,8,64.20683147632401
09202,Collipulli,PLANTA DE TRATAMIENTO DE AGUAS SERVIDAS COLLIPULLI,"Captación, tratamiento y distribución de agua",0.014512178744084201,Carbon monoxide | Nitrogen oxides (NOx),Collipulli,8,64.20683147632401
09202,Collipulli,PLANTA ELEVADORA DE AGUAS SERVIDAS ESTADIO COLLIPULLI,"Captación, tratamiento y distribución de agua",0.0116537192944916,Carbon monoxide | Nitrogen oxides (NOx),Collipulli,8,64.20683147632401
09202,Collipulli,PLANTA DE TRATAMIENTO DE AGUAS SERVIDAS MININCO.,"Captación, tratamiento y distribución de agua",0.0104663592154302,Carbon monoxide | Nitrogen oxides (NOx),Collipulli,8,64.20683147632401
09202,Collipulli,JUZGADO DE LETRAS Y GARANTÍA DE COLLIPULLI,Otras actividades,0.00527715590693956,Carbon monoxide | Nitrogen oxides (NOx),Collipulli,8,64.20683147632401
09202,Collipulli,SUCURSAL COLLIPULLI,Otras actividades,0.00267522486949018,Carbon monoxide | Nitrogen oxides (NOx),Collipulli,8,64.20683147632401
09103,Cunco,HOSPITAL DOCTOR EDUARDO GONZALEZ GALENO DE CUNCO,Otras actividades,780.4119150923328,"Carbon monoxide | Nitrogen oxides (NOx) | PM10, primary | PM2.5, primary | Sulfur dioxide",Cunco,9,58.15614665146414
09103,Cunco,PISCICULTURA CURACALCO,Pesca y acuicultura,3.1766719507807886,Carbon monoxide | Nitrogen oxides (NOx),Cunco,9,58.15614665146414
09103,Cunco,PISCICULTURA LAS VERTIENTES,Pesca y acuicultura,2.23197309084014,Carbon monoxide | Nitrogen oxides (NOx),Cunco,9,58.15614665146414
09103,Cunco,PLANTA DE TRATAMIENTO DE AGUAS SERVIDAS CUNCO,"Captación, tratamiento y distribución de agua",0.227005656596853,Carbon monoxide | Nitrogen oxides (NOx),Cunco,9,58.15614665146414
09103,Cunco,PISCICULTURA LOS LAURELES,Pesca y acuicultura,0.185579982727378,Carbon monoxide | Nitrogen oxides (NOx),Cunco,9,58.15614665146414
09103,Cunco,Embotelladora y comercializadora Agua Santa Amalia,Otras industrias manufactureras,0.17168347217243698,Carbon monoxide | Nitrogen oxides (NOx),Cunco,9,58.15614665146414
09103,Cunco,Sala Cuna Cumbres Magicas,Otras actividades,0.05899721740607503,Arsenic | Cadmium | Carbon monoxide | Lead | Mercury | Nitrogen oxides (NOx) | Sulfur dioxide,Cunco,9,58.15614665146414
09103,Cunco,PLANTA ELEVADORA DE AGUAS SERVIDAS SANTA MARIA -CUNCO,"Captación, tratamiento y distribución de agua",0.0369664771281122,Carbon monoxide | Nitrogen oxides (NOx),Cunco,9,58.15614665146414
09103,Cunco,PLANTA TRATAMIENTO DE AGUA POTABLE -CUNCO,"Captación, tratamiento y distribución de agua",0.0280129026060044,Carbon monoxide | Nitrogen oxides (NOx),Cunco,9,58.15614665146414
09103,Cunco,BANCO DEL ESTADO DE CHILE - SUCURSAL CUNCO,Otras actividades,0.00267522486949018,Carbon monoxide | Nitrogen oxides (NOx),Cunco,9,58.15614665146414
09103,Cunco,SUPERMERCADOS EL TREBOL CUNCO,Comercio minorista,0.0023863852609279693,"Carbon monoxide | Nitrogen oxides (NOx) | PM10, primary | PM2.5, primary | Sulfur dioxide",Cunco,9,58.15614665146414
02301,Tocopilla,CENTRAL TERMICA TOCOPILLA,Termoeléctricas,245.13632000139822,Carbon monoxide | Nitrogen oxides (NOx) | Arsenic | Cadmium | Lead | Mercury | Sulfur dioxide,Tocopilla,10,49.2786887817149
02301,Tocopilla,CENTRAL TERMOELÉCTRICA NUEVA TOCOPILLA,Termoeléctricas,29.412632528962334,"Arsenic | Cadmium | Carbon monoxide | Lead | Mercury | PM2.5, primary",Tocopilla,10,49.2786887817149
02301,Tocopilla,PODER DE COMPRA BARRILES TOCOPILLA,Otras industrias manufactureras,9.40758583530128,Carbon monoxide | Nitrogen oxides (NOx),Tocopilla,10,49.2786887817149
02301,Tocopilla,Caleta Urco,Construcción,0.6515528493101379,Carbon monoxide | Nitrogen oxides (NOx),Tocopilla,10,49.2786887817149
02301,Tocopilla,Ruta B12,Construcción,0.540556670067506,Carbon monoxide | Nitrogen oxides (NOx),Tocopilla,10,49.2786887817149
02301,Tocopilla,Ruta B150,Construcción,0.132192755468839,Carbon monoxide | Nitrogen oxides (NOx),Tocopilla,10,49.2786887817149
02301,Tocopilla,UNIMARC TOCOPILLA II,Comercio minorista,0.095491392601765,Carbon monoxide | Nitrogen oxides (NOx),Tocopilla,10,49.2786887817149
02301,Tocopilla,DEPÓSITO DE CENIZAS BARRILES,Termoeléctricas,0.08971165041797301,Carbon monoxide | Nitrogen oxides (NOx),Tocopilla,10,49.2786887817149
02301,Tocopilla,CENTRAL DIESEL TAMAYA,Termoeléctricas,0.08865621923658501,Carbon monoxide | Nitrogen oxides (NOx),Tocopilla,10,49.2786887817149
02301,Tocopilla,Planta Desaladora Tocopilla,"Captación, tratamiento y distribución de agua",0.0747597086816448,Carbon monoxide | Nitrogen oxides (NOx),Tocopilla,10,49.2786887817149
02301,Tocopilla,ELECDA TOCOPILLA,Otras actividades,0.062090136875066995,Carbon monoxide | Nitrogen oxides (NOx),Tocopilla,10,49.2786887817149
02301,Tocopilla,F 3 COSTANERA,Comercio minorista,0.0497635802024406,Carbon monoxide | Nitrogen oxides (NOx),Tocopilla,10,49.2786887817149
02301,Tocopilla,UNIMARC TOCOPILLA I,Comercio minorista,0.0437668882758081,Carbon monoxide | Nitrogen oxides (NOx),Tocopilla,10,49.2786887817149
02301,Tocopilla,TOCOPILLA SUR,Otras actividades,0.0321026984338824,Carbon monoxide | Nitrogen oxides (NOx),Tocopilla,10,49.2786887817149
02301,Tocopilla,TOCOPILLA,Otras actividades,0.030607504260250128,Carbon monoxide | Nitrogen oxides (NOx),Tocopilla,10,49.2786887817149
02301,Tocopilla,ABCDIN Tocopilla,Comercio minorista,0.0188306513279299,Carbon monoxide | Nitrogen oxides (NOx),Tocopilla,10,49.2786887817149
02301,Tocopilla,PPTAS Tocopilla,"Captación, tratamiento y distribución de agua",0.016824188699512597,Carbon monoxide | Nitrogen oxides (NOx),Tocopilla,10,49.2786887817149
02301,Tocopilla,PEAS Sur Tocopilla,"Captación, tratamiento y distribución de agua",0.0167109937053092,Carbon monoxide | Nitrogen oxides (NOx),Tocopilla,10,49.2786887817149
02301,Tocopilla,PEAS Americana Tocopilla,"Captación, tratamiento y distribución de agua",0.0160073729177164,Carbon monoxide | Nitrogen oxides (NOx),Tocopilla,10,49.2786887817149
02301,Tocopilla,TK Esmeralda,"Captación, tratamiento y distribución de agua",0.0128920918806535,Carbon monoxide | Nitrogen oxides (NOx),Tocopilla,10,49.2786887817149
02301,Tocopilla,ASOCIACIÓN CHILENA DE SEGURIDAD TOCOPILLA,Otras actividades,0.0111699800030221,Carbon monoxide | Nitrogen oxides (NOx),Tocopilla,10,49.2786887817149
02301,Tocopilla,BANCO DE CHILE  TOCOPILLA,Otras actividades,0.0096747858293892,Carbon monoxide | Nitrogen oxides (NOx),Tocopilla,10,49.2786887817149
02301,Tocopilla,PEAS Guanaye (Tres Marías 2),"Captación, tratamiento y distribución de agua",0.00316629354416374,Carbon monoxide | Nitrogen oxides (NOx),Tocopilla,10,49.2786887817149
02301,Tocopilla,MUTUAL DE SEGURIDAD CCHC TOCOPILLA,Otras actividades,0.00226163824583125,Carbon monoxide | Nitrogen oxides (NOx),Tocopilla,10,49.2786887817149
02301,Tocopilla,PEAS Coloso (Tres Marías 3),"Captación, tratamiento y distribución de agua",0.00175905196897982,Carbon monoxide | Nitrogen oxides (NOx),Tocopilla,10,49.2786887817149
02301,Tocopilla,SUCURSAL TOCOPILLA,Otras actividades,2.8689299970267e-4,Carbon monoxide | Nitrogen oxides (NOx),Tocopilla,10,49.2786887817149
08102,Coronel,COMPLEJO TERMOELECTRICO SANTA MARIA,Termoeléctricas,133.56549387704382,"Arsenic | Cadmium | Carbon monoxide | Lead | PM2.5, primary | Mercury",Coronel,11,44.22836471141339
08102,Coronel,"ELÉCTRICA NUEVA ENERGÍA S.A.,  CENTRAL ESCUADRÓN",Termoeléctricas,54.741561877945976,"Arsenic | Cadmium | Carbon monoxide | Lead | Mercury | PM2.5, primary",Coronel,11,44.22836471141339
08102,Coronel,CENTRAL  SANTA MARIA,Termoeléctricas,43.681745972292,Carbon monoxide | Nitrogen oxides (NOx),Coronel,11,44.22836471141339
08102,Coronel,PLANTA DE PESCA,Otras industrias manufactureras,36.31916348087114,"Carbon monoxide | Nitrogen oxides (NOx) | Arsenic | Cadmium | Lead | PM10, primary | PM2.5, primary | Sulfur dioxide",Coronel,11,44.22836471141339
08102,Coronel,PLANTA CORONEL,Otras industrias manufactureras,16.561062775975955,"Carbon monoxide | Arsenic | Cadmium | Lead | Mercury | PM2.5, primary | Nitrogen oxides (NOx) | Sulfur dioxide",Coronel,11,44.22836471141339
08102,Coronel,ITI CHILE S.A. PLANTA REMANUFACTURA,Industria de la madera y silvicultura,15.770894178059882,"Arsenic | Cadmium | Carbon monoxide | Lead | Mercury | Nitrogen oxides (NOx) | Sulfur dioxide | PM10, primary | PM2.5, primary",Coronel,11,44.22836471141339
08102,Coronel,Complejo Pesquero Industrial Coronel,Otras industrias manufactureras,15.147751049318158,"Arsenic | Cadmium | Carbon monoxide | Lead | Mercury | PM10, primary | PM2.5, primary | Sulfur dioxide | Nitrogen oxides (NOx)",Coronel,11,44.22836471141339
08102,Coronel,CÍA PUERTO DE CORONEL S A,Otras actividades,5.352567600027406,"Arsenic | Cadmium | Carbon monoxide | Lead | Nitrogen oxides (NOx) | PM10, primary | PM2.5, primary | Sulfur dioxide",Coronel,11,44.22836471141339
08102,Coronel,SITIO DE ACOPIO DE CENIZAS CTSM,Termoeléctricas,5.061935898534873,Carbon monoxide | Nitrogen oxides (NOx),Coronel,11,44.22836471141339
08102,Coronel,MAR FUSION Ex Azul Profundo,Otras industrias manufactureras,4.816115328067574,"Arsenic | Cadmium | Carbon monoxide | Lead | Nitrogen oxides (NOx) | PM10, primary | PM2.5, primary | Sulfur dioxide | Mercury",Coronel,11,44.22836471141339
08102,Coronel,PLANTA  CORONEL,Otras industrias manufactureras,4.683962144841982,"Carbon monoxide | PM2.5, primary | Sulfur dioxide",Coronel,11,44.22836471141339
08102,Coronel,CENTRAL CORONEL,Termoeléctricas,2.8901733136255863,Carbon monoxide | Nitrogen oxides (NOx) | Arsenic | Cadmium | Lead | Mercury,Coronel,11,44.22836471141339
08102,Coronel,INDUSTRIAL MAULE LTDA,Otras industrias manufactureras,2.832970043127064,"Carbon monoxide | Nitrogen oxides (NOx) | Arsenic | Cadmium | Lead | PM10, primary | PM2.5, primary | Sulfur dioxide",Coronel,11,44.22836471141339
08102,Coronel,EWOS CHILE ALIMENTOS LIMITADA,Otras industrias manufactureras,2.719870752304899,"Carbon monoxide | Nitrogen oxides (NOx) | Arsenic | Cadmium | Lead | Mercury | PM10, primary | PM2.5, primary | Sulfur dioxide",Coronel,11,44.22836471141339
08102,Coronel,CÍA. PUERTO DE CORONEL S.A. FUNDO EL MANCO,Otras actividades,2.658895003711555,Carbon monoxide | Nitrogen oxides (NOx),Coronel,11,44.22836471141339
08102,Coronel,PLANTA POLPAICO CORONEL,"Producción de cemento, cal y yeso",2.0927526199210735,"Carbon monoxide | Nitrogen oxides (NOx) | PM10, primary | PM2.5, primary | Sulfur dioxide",Coronel,11,44.22836471141339
08102,Coronel,Hospital Coronel,Construcción,1.906812334374174,Carbon monoxide | Nitrogen oxides (NOx),Coronel,11,44.22836471141339
08102,Coronel,BLUMAR CORONEL,Otras industrias manufactureras,1.4232085011180111,"Arsenic | Cadmium | Carbon monoxide | Lead | Nitrogen oxides (NOx) | PM10, primary | PM2.5, primary | Sulfur dioxide | Mercury",Coronel,11,44.22836471141339
08102,Coronel,GEOMAR,Pesca y acuicultura,1.4077530715485411,"Carbon monoxide | Nitrogen oxides (NOx) | PM10, primary | PM2.5, primary | Sulfur dioxide",Coronel,11,44.22836471141339
08102,Coronel,AISLAPANEL S.A.,"Industria química, de plástico y caucho",1.1666914959573207,"Arsenic | Cadmium | Carbon monoxide | Lead | Nitrogen oxides (NOx) | PM10, primary | PM2.5, primary | Sulfur dioxide",Coronel,11,44.22836471141339
08102,Coronel,HOSPITAL DE CORONEL,Otras actividades,0.8017088017565803,"Carbon monoxide | Nitrogen oxides (NOx) | PM10, primary | PM2.5, primary | Sulfur dioxide | Arsenic | Cadmium | Lead",Coronel,11,44.22836471141339
08102,Coronel,COINFA LIMITADA,Otras industrias manufactureras,0.6965739295430663,"Carbon monoxide | Nitrogen oxides (NOx) | PM10, primary | PM2.5, primary | Sulfur dioxide",Coronel,11,44.22836471141339
08102,Coronel,PESQUERA FIORDO AUSTRAL S A,Otras industrias manufactureras,0.6796296208197113,"Carbon monoxide | Nitrogen oxides (NOx) | PM10, primary | PM2.5, primary | Sulfur dioxide",Coronel,11,44.22836471141339
08102,Coronel,Frigorífico Escuadrón,Pesca y acuicultura,0.6596444883674499,Carbon monoxide | Nitrogen oxides (NOx),Coronel,11,44.22836471141339
08102,Coronel,PESQUERA TUBUL SA,Otras industrias manufactureras,0.6171898812347807,"Arsenic | Cadmium | Carbon monoxide | Lead | Nitrogen oxides (NOx) | PM10, primary | PM2.5, primary | Sulfur dioxide",Coronel,11,44.22836471141339
08102,Coronel,SUBESTACIÓN LAGUNILLAS,Otras actividades,0.60977888315081,Carbon monoxide | Nitrogen oxides (NOx),Coronel,11,44.22836471141339
08102,Coronel,MALTEXCO CORONEL,Otras industrias manufactureras,0.56421472078601,Carbon monoxide,Coronel,11,44.22836471141339
08102,Coronel,FUNDICION INDUSTRIAL BIO BIO,Otras industrias manufactureras,0.5630725352704533,Carbon monoxide | Nitrogen oxides (NOx),Coronel,11,44.22836471141339
08102,Coronel,PORTUARIA CABO FROWARD SA,Otras actividades,0.552500632936889,Carbon monoxide | Nitrogen oxides (NOx),Coronel,11,44.22836471141339
08102,Coronel,"COMERCIAL Y CONSERVERA, SAN LAZARO, LIMITADA",Pesca y acuicultura,0.525077012740488,Carbon monoxide | Nitrogen oxides (NOx),Coronel,11,44.22836471141339
08102,Coronel,FPC PAPELES SPA,Otras industrias manufactureras,0.4958917067957398,"Arsenic | Cadmium | Carbon monoxide | Lead | Mercury | PM10, primary | PM2.5, primary | Sulfur dioxide | Nitrogen oxides (NOx)",Coronel,11,44.22836471141339
08102,Coronel,RESINAS DEL BÍO-BÍO S.A,"Industria química, de plástico y caucho",0.45094343126790254,"Carbon monoxide | Nitrogen oxides (NOx) | Arsenic | Lead | PM10, primary | PM2.5, primary | Sulfur dioxide",Coronel,11,44.22836471141339
08102,Coronel,PTAP PIC,"Captación, tratamiento y distribución de agua",0.409607815633879,Carbon monoxide | Nitrogen oxides (NOx),Coronel,11,44.22836471141339
08102,Coronel,EMISARIO CORONEL NORTE,"Captación, tratamiento y distribución de agua",0.405285573652965,Carbon monoxide | Nitrogen oxides (NOx),Coronel,11,44.22836471141339
08102,Coronel,OXIQUIM S.A.,"Industria química, de plástico y caucho",0.3656700005065628,"Carbon monoxide | Nitrogen oxides (NOx) | Arsenic | Cadmium | Lead | PM10, primary | PM2.5, primary | Sulfur dioxide",Coronel,11,44.22836471141339
08102,Coronel,INDUSTRIA PROCESADORA DE ACEITES Y GRASAS SA,Otras industrias manufactureras,0.33566991216047126,"Carbon monoxide | Nitrogen oxides (NOx) | Arsenic | Cadmium | Lead | PM10, primary | PM2.5, primary | Sulfur dioxide",Coronel,11,44.22836471141339
08102,Coronel,ANDRITZ FABRICS AND ROLLS SPA,Otras industrias manufactureras,0.3082589026263247,"Carbon monoxide | Nitrogen oxides (NOx) | PM10, primary | PM2.5, primary | Sulfur dioxide",Coronel,11,44.22836471141339
08102,Coronel,PTAS CORONEL,Gestores de residuos,0.23506378990237198,Carbon monoxide | Nitrogen oxides (NOx),Coronel,11,44.22836471141339
08102,Coronel,UNIMARC EL VOLCAN,Comercio minorista,0.19381116127225126,"Carbon monoxide | Nitrogen oxides (NOx) | PM10, primary | PM2.5, primary | Sulfur dioxide",Coronel,11,44.22836471141339
08102,Coronel,LIDER CORONEL,Comercio minorista,0.1929533736760426,"Carbon monoxide | Nitrogen oxides (NOx) | PM10, primary | PM2.5, primary | Sulfur dioxide",Coronel,11,44.22836471141339
08102,Coronel,CENTRO DISTRIBUCIÓN CORONEL,Comercio mayorista,0.182589594380109,Carbon monoxide | Nitrogen oxides (NOx),Coronel,11,44.22836471141339
08102,Coronel,E983 - EASY CORONEL,Comercio minorista,0.176960628079373,Carbon monoxide | Nitrogen oxides (NOx),Coronel,11,44.22836471141339
08102,Coronel,PEAS GALILEA,"Captación, tratamiento y distribución de agua",0.175905196897982,Carbon monoxide | Nitrogen oxides (NOx),Coronel,11,44.22836471141339
08102,Coronel,BASE CORONEL,Otras actividades,0.130345750901405,Carbon monoxide | Nitrogen oxides (NOx),Coronel,11,44.22836471141339
08102,Coronel,UNIMARC CORONEL II,Comercio minorista,0.1176889531627,Carbon monoxide | Nitrogen oxides (NOx),Coronel,11,44.22836471141339
08102,Coronel,PLANTA CORONEL,"Industria química, de plástico y caucho",0.1074197947298424,"Arsenic | Cadmium | Carbon monoxide | Lead | Nitrogen oxides (NOx) | PM10, primary | PM2.5, primary | Sulfur dioxide",Coronel,11,44.22836471141339
08102,Coronel,FPC TISSUE SpA,Industria del papel y celulosa,0.0939333751435239,Carbon monoxide | Nitrogen oxides (NOx),Coronel,11,44.22836471141339
08102,Coronel,PEAS ESCUADRON,"Captación, tratamiento y distribución de agua",0.087952598448993,Carbon monoxide | Nitrogen oxides (NOx),Coronel,11,44.22836471141339
08102,Coronel,EMISARIO CORONEL SUR,"Captación, tratamiento y distribución de agua",0.08422340827475601,Carbon monoxide | Nitrogen oxides (NOx),Coronel,11,44.22836471141339
08102,Coronel,PTH CORONEL,Gestores de residuos,0.083818826321891,Carbon monoxide | Nitrogen oxides (NOx),Coronel,11,44.22836471141339
08102,Coronel,BIOFOREST,Industria de la madera y silvicultura,0.08226832266543374,"Carbon monoxide | Nitrogen oxides (NOx) | PM10, primary | PM2.5, primary | Sulfur dioxide",Coronel,11,44.22836471141339
08102,Coronel,UNIMARC CORONEL III,Comercio minorista,0.07823884039652393,"Carbon monoxide | Nitrogen oxides (NOx) | PM10, primary | PM2.5, primary | Sulfur dioxide",Coronel,11,44.22836471141339
08102,Coronel,PTAP LA PEÑA CORONEL,"Captación, tratamiento y distribución de agua",0.063325870883275,Carbon monoxide | Nitrogen oxides (NOx),Coronel,11,44.22836471141339
08102,Coronel,PEAS ORIENTE,"Captación, tratamiento y distribución de agua",0.057902127312254,Carbon monoxide | Nitrogen oxides (NOx),Coronel,11,44.22836471141339
08102,Coronel,SUPER BODEGA ACUENTA CORONEL,Comercio minorista,0.05393973711593241,"Carbon monoxide | Nitrogen oxides (NOx) | PM10, primary | PM2.5, primary | Sulfur dioxide",Coronel,11,44.22836471141339
08102,Coronel,CENTRO ESCUADRÓN,Comercio minorista,0.0532113220616406,Carbon monoxide | Nitrogen oxides (NOx),Coronel,11,44.22836471141339
08102,Coronel,BB GALVANIZADORA OCHO,Otras industrias manufactureras,0.0465154069773399,Carbon monoxide | Nitrogen oxides (NOx),Coronel,11,44.22836471141339
08102,Coronel,FILE 515,Comercio minorista,0.0443281096182929,Carbon monoxide | Nitrogen oxides (NOx),Coronel,11,44.22836471141339
08102,Coronel,HOMECENTER CORONEL,Comercio mayorista,0.0422172472555165,Carbon monoxide | Nitrogen oxides (NOx),Coronel,11,44.22836471141339
08102,Coronel,X983 - PARIS EXPRESS CORONEL,Comercio minorista,0.0419533894601697,Carbon monoxide | Nitrogen oxides (NOx),Coronel,11,44.22836471141339
08102,Coronel,NORAMCO,Industria de la madera y silvicultura,0.0402131354970231,Arsenic | Cadmium | Carbon monoxide | Lead | Mercury | Nitrogen oxides (NOx) | Sulfur dioxide,Coronel,11,44.22836471141339
08102,Coronel,CORONEL II,Otras actividades,0.0231315333920851,Carbon monoxide | Nitrogen oxides (NOx),Coronel,11,44.22836471141339
08102,Coronel,PEAP BUEN RETIRO,"Captación, tratamiento y distribución de agua",0.0219529685728682,Carbon monoxide | Nitrogen oxides (NOx),Coronel,11,44.22836471141339
08102,Coronel,N983 - SISA CORONEL - CORONEL,Comercio minorista,0.019807116399498427,"Carbon monoxide | Nitrogen oxides (NOx) | Arsenic | Cadmium | Lead | Mercury | PM10, primary | PM2.5, primary | Sulfur dioxide",Coronel,11,44.22836471141339
08102,Coronel,TAPEL WILLAMETTE INC SA,"Industria química, de plástico y caucho",0.017998619746602,Carbon monoxide | Nitrogen oxides (NOx),Coronel,11,44.22836471141339
08102,Coronel,CORONEL,Comercio minorista,0.0170715993589499,Carbon monoxide | Nitrogen oxides (NOx),Coronel,11,44.22836471141339
08102,Coronel,EMBOTELLADORA EMBOSUR LTDA.,Otras industrias manufactureras,0.014207978552012656,"Carbon monoxide | Nitrogen oxides (NOx) | PM10, primary | PM2.5, primary | Sulfur dioxide | Arsenic | Cadmium | Lead",Coronel,11,44.22836471141339
08102,Coronel,JUZGADO DE FAMILIA CORONEL,Otras actividades,0.0113458851999201,Carbon monoxide | Nitrogen oxides (NOx),Coronel,11,44.22836471141339
08102,Coronel,CORONEL,Otras actividades,0.0105543118138792,Carbon monoxide | Nitrogen oxides (NOx),Coronel,11,44.22836471141339
08102,Coronel,REMANUFACTURA CORONEL,Industria de la madera y silvicultura,0.010267725548565304,"Carbon monoxide | Nitrogen oxides (NOx) | PM10, primary | PM2.5, primary | Sulfur dioxide",Coronel,11,44.22836471141339
08102,Coronel,JUZGADO DE GARANTIA DE CORONEL,Otras actividades,0.009729211610997032,"Arsenic | Cadmium | Carbon monoxide | Lead | Nitrogen oxides (NOx) | PM10, primary | PM2.5, primary | Sulfur dioxide",Coronel,11,44.22836471141339
08102,Coronel,N679 - SISA CORONEL-MANUEL MONTT,Comercio minorista,0.0096747858293892,Carbon monoxide | Nitrogen oxides (NOx),Coronel,11,44.22836471141339
08102,Coronel,EDIFICIO DE TRIBUNALES DE CORONEL,Otras actividades,0.009434746260015593,"Carbon monoxide | Nitrogen oxides (NOx) | PM10, primary | PM2.5, primary | Sulfur dioxide",Coronel,11,44.22836471141339
08102,Coronel,UNIMARC CORONEL,Comercio minorista,0.0076434996271149,Carbon monoxide | Nitrogen oxides (NOx),Coronel,11,44.22836471141339
08102,Coronel,POLICLINIO ACHS CORONEL,Otras actividades,0.00527715590693956,Carbon monoxide | Nitrogen oxides (NOx),Coronel,11,44.22836471141339
08102,Coronel,SERVICIOS INTEGRAL M & O LIMITADA,Comercio minorista,0.00501329811159266,Carbon monoxide | Nitrogen oxides (NOx),Coronel,11,44.22836471141339
08102,Coronel,Quimtec Ltda,Comercio mayorista,0.00334219874106174,Carbon monoxide | Nitrogen oxides (NOx),Coronel,11,44.22836471141339
08102,Coronel,BANCO DEL ESTADO DE CHILE - SUCURSAL CORONEL,Otras actividades,0.0019810275745892397,Carbon monoxide | Nitrogen oxides (NOx),Coronel,11,44.22836471141339
08102,Coronel,PEAS PIC,"Captación, tratamiento y distribución de agua",0.00177999306384866,Carbon monoxide | Nitrogen oxides (NOx),Coronel,11,44.22836471141339
08102,Coronel,MUTUAL DE SEGURIDAD CORONEL,Otras actividades,0.00125646569212849,Carbon monoxide | Nitrogen oxides (NOx),Coronel,11,44.22836471141339
08102,Coronel,SOLCROM SA,"Industria química, de plástico y caucho",0.0011433837798369099,Carbon monoxide | Nitrogen oxides (NOx),Coronel,11,44.22836471141339
08102,Coronel,ACO ARAUCO CORONEL,Otras actividades,0.00108181696092261,Carbon monoxide | Nitrogen oxides (NOx),Coronel,11,44.22836471141339
12302,Primavera,SOMBRERO,Minería,141.67914187012886,"Arsenic | Cadmium | Carbon monoxide | Lead | Mercury | PM10, primary | PM2.5, primary | Sulfur dioxide | Nitrogen oxides (NOx)",Primavera,12,39.18803244191257
12302,Primavera,PISCICULTURA TIERRA DEL FUEGO,Pesca y acuicultura,76.10415210153596,Carbon monoxide | Nitrogen oxides (NOx),Primavera,12,39.18803244191257
12302,Primavera,ONAISIN CERRO SOMBRERO,Otras actividades,0.58048714976336,Carbon monoxide | Nitrogen oxides (NOx),Primavera,12,39.18803244191257
05103,Concón,EMPRESA NACIONAL DEL PETRÓLEO (ENAP),Refinería de petróleo,53785.64516930588,"Carbon monoxide | Nitrogen oxides (NOx) | Arsenic | Cadmium | Lead | Mercury | PM2.5, primary | PM10, primary",Concón,13,37.33123982411963
05103,Concón,PLANTA CO GENERADORA,Otras actividades,170.9436938182088,Carbon monoxide | Sulfur dioxide,Concón,13,37.33123982411963
05103,Concón,PLANTA CONCON,"Industria química, de plástico y caucho",29.01535446345153,"Arsenic | Cadmium | Carbon monoxide | Lead | Mercury | PM10, primary | PM2.5, primary | Sulfur dioxide | Nitrogen oxides (NOx)",Concón,13,37.33123982411963
05103,Concón,CENTRAL COLMITO,Termoeléctricas,11.23245522131015,Carbon monoxide | Arsenic | Cadmium | Lead | Mercury,Concón,13,37.33123982411963
05103,Concón,Planta Concón,Otras industrias manufactureras,5.693934819758565,"Arsenic | Cadmium | Carbon monoxide | Lead | Mercury | PM2.5, primary",Concón,13,37.33123982411963
05103,Concón,FÁBRICA CONCÓN,"Industria química, de plástico y caucho",3.6706522247295252,"Carbon monoxide | Nitrogen oxides (NOx) | PM10, primary | PM2.5, primary | Sulfur dioxide",Concón,13,37.33123982411963
05103,Concón,PLANTA DE AGUA POTABLE CONCON,"Captación, tratamiento y distribución de agua",1.301258694052852,Carbon monoxide | Nitrogen oxides (NOx),Concón,13,37.33123982411963
05103,Concón,SONACOL CENTRAL CONCON,Otras actividades,1.1992336798520238,Carbon monoxide | Nitrogen oxides (NOx),Concón,13,37.33123982411963
05103,Concón,PLANTA CON CON,Termoeléctricas,0.924645667494264,Carbon monoxide | Nitrogen oxides (NOx),Concón,13,37.33123982411963
05103,Concón,PLANTA CONCON,Otras industrias manufactureras,0.5798649710838104,"Arsenic | Cadmium | Carbon monoxide | Lead | Mercury | PM2.5, primary | Sulfur dioxide | Nitrogen oxides (NOx) | PM10, primary",Concón,13,37.33123982411963
05103,Concón,DEPOSITOS ASFALTICOS SA,Refinería de petróleo,0.29349668594822415,"Arsenic | Carbon monoxide | Lead | PM10, primary | PM2.5, primary | Sulfur dioxide",Concón,13,37.33123982411963
05103,Concón,VR006  CONCON  2  PCS,Otras actividades,0.267639757080285,Carbon monoxide | Nitrogen oxides (NOx),Concón,13,37.33123982411963
05103,Concón,LIDER CONCÓN,Comercio minorista,0.17847327774846475,"Carbon monoxide | Nitrogen oxides (NOx) | PM10, primary | PM2.5, primary | Sulfur dioxide",Concón,13,37.33123982411963
05103,Concón,CON CON,Otras actividades,0.14424226145635322,Carbon monoxide | Nitrogen oxides (NOx),Concón,13,37.33123982411963
05103,Concón,TECNOELECTRICA VALPARAISO,Otras industrias manufactureras,0.136766290588185,Carbon monoxide | Nitrogen oxides (NOx),Concón,13,37.33123982411963
05103,Concón,RESIDENCIA MONTEMAR,Otras actividades,0.11486455293976935,"Arsenic | Cadmium | Carbon monoxide | Lead | Mercury | PM10, primary | PM2.5, primary | Sulfur dioxide | Nitrogen oxides (NOx)",Concón,13,37.33123982411963
05103,Concón,TOTTUS CONCON,Comercio minorista,0.10767927083988185,"Carbon monoxide | Nitrogen oxides (NOx) | Arsenic | Cadmium | Lead | Mercury | PM10, primary | PM2.5, primary | Sulfur dioxide",Concón,13,37.33123982411963
05103,Concón,ESTACIÓN ELEVADORA DE AGUA POTABLE EDUARDO AGUIRRE,"Captación, tratamiento y distribución de agua",0.105692637556156,Carbon monoxide | Nitrogen oxides (NOx),Concón,13,37.33123982411963
05103,Concón,EXPRESS CONCON,Comercio minorista,0.1049344469695582,"Carbon monoxide | Nitrogen oxides (NOx) | Arsenic | Cadmium | Lead | Mercury | PM10, primary | PM2.5, primary | Sulfur dioxide",Concón,13,37.33123982411963
05103,Concón,PLANTA LIPIGAS CON CON,Otras actividades,0.09309065251753362,"Carbon monoxide | Nitrogen oxides (NOx) | PM10, primary | PM2.5, primary | Sulfur dioxide",Concón,13,37.33123982411963
05103,Concón,PLANTA COPEC CONCON,Comercio mayorista,0.07382455405250485,"Arsenic | Cadmium | Carbon monoxide | Lead | Mercury | PM10, primary | PM2.5, primary | Sulfur dioxide | Nitrogen oxides (NOx)",Concón,13,37.33123982411963
05103,Concón,ESTACION ELEVADORA DE AGUAS SERVIDAS PEDRO DE VALDIVIA,Plantas de tratamiento de aguas servidas,0.052718787510326,Carbon monoxide | Nitrogen oxides (NOx),Concón,13,37.33123982411963
05103,Concón,File 711,Comercio minorista,0.043800394027598305,Carbon monoxide | Nitrogen oxides (NOx),Concón,13,37.33123982411963
05103,Concón,J739 - JUMBO BOSQUE MONTEMAR,Comercio minorista,0.0416895316648229,Carbon monoxide | Nitrogen oxides (NOx),Concón,13,37.33123982411963
05103,Concón,PLANTA DE AGUAS SERVIDAS HIGUERILLAS,Plantas de tratamiento de aguas servidas,0.032190651032332,Carbon monoxide | Nitrogen oxides (NOx),Concón,13,37.33123982411963
05103,Concón,PLANTA DE AGUAS SERVIDAS CONCON ORIENTE,Plantas de tratamiento de aguas servidas,0.031662935441637396,Carbon monoxide | Nitrogen oxides (NOx),Concón,13,37.33123982411963
05103,Concón,ARIDOS CON CON,Otras industrias manufactureras,0.0281448315036783,Carbon monoxide | Nitrogen oxides (NOx),Concón,13,37.33123982411963
05103,Concón,ESTACIÓN ELEVADORA DE AGUAS SERVIDAS EMBONOR,Plantas de tratamiento de aguas servidas,0.023298643329138002,Carbon monoxide | Nitrogen oxides (NOx),Concón,13,37.33123982411963
05103,Concón,COSTANERA DE REÑACA,Otras actividades,0.019349571658778198,Carbon monoxide | Nitrogen oxides (NOx),Concón,13,37.33123982411963
05103,Concón,ESTACION ELEVADORA DE AGUAS SERVIDAS BORGONO,Plantas de tratamiento de aguas servidas,0.0181182352804928,Carbon monoxide | Nitrogen oxides (NOx),Concón,13,37.33123982411963
05103,Concón,ESTACION ELEVADORA DE AGUAS SERVIDAS PLAYA NEGRA,Plantas de tratamiento de aguas servidas,0.0164471359099614,Carbon monoxide | Nitrogen oxides (NOx),Concón,13,37.33123982411963
05103,Concón,ESTACION ELEVADORA DE AGUAS SERVIDAS ACONCAGUA,Plantas de tratamiento de aguas servidas,0.0150838706340021,Carbon monoxide | Nitrogen oxides (NOx),Concón,13,37.33123982411963
05103,Concón,N694 - SISA CON CON-AV. MANANTIALES,Comercio minorista,0.014491878203969367,"Carbon monoxide | Nitrogen oxides (NOx) | Arsenic | Cadmium | Lead | Mercury | PM10, primary | PM2.5, primary | Sulfur dioxide",Concón,13,37.33123982411963
05103,Concón,PLANTA READY MIX CONCÓN,Otras industrias manufactureras,0.012225411184410501,Carbon monoxide | Nitrogen oxides (NOx),Concón,13,37.33123982411963
05103,Concón,ESTACIÓN ELEVADORA DE AGUAS SERVIDAS EDELWEISS,Plantas de tratamiento de aguas servidas,0.0089623697819524,Carbon monoxide | Nitrogen oxides (NOx),Concón,13,37.33123982411963
05103,Concón,F 92 BORGONO,Comercio minorista,0.0087952598448993,Carbon monoxide | Nitrogen oxides (NOx),Concón,13,37.33123982411963
05103,Concón,BANCO DEL ESTADO DE CHILE - SUCURSAL CON CON,Otras actividades,0.0028249536978022,Carbon monoxide | Nitrogen oxides (NOx),Concón,13,37.33123982411963
05103,Concón,FERRETERIA HIGUERILLAS,Comercio minorista,0.00175905196897982,Carbon monoxide | Nitrogen oxides (NOx),Concón,13,37.33123982411963
05103,Concón,SCOTIABANK VIÑA DEL MAR  (EDM ELUCHANS 2030 L5 Y L6,Otras actividades,0.00175905196897982,Carbon monoxide | Nitrogen oxides (NOx),Concón,13,37.33123982411963
05103,Concón,SUBESTACIÓN TORQUEMADA,Otras actividades,0.00105543118138792,Carbon monoxide | Nitrogen oxides (NOx),Concón,13,37.33123982411963
05103,Concón,BANCO DE CHILE CON CON,Otras actividades,8.7952598448993e-4,Carbon monoxide | Nitrogen oxides (NOx),Concón,13,37.33123982411963
05103,Concón,CENTRO MEDICO BOSQUES CLÍNICA CIUDAD DEL MAR,Otras actividades,2.11086236277582e-4,Carbon monoxide | Nitrogen oxides (NOx),Concón,13,37.33123982411963
16206,Ránquil,NUEVA ALDEA,Industria del papel y celulosa,11486.20915509258,"Cadmium | Lead | PM2.5, primary | Arsenic | Carbon monoxide | Mercury | Nitrogen oxides (NOx)",Ránquil,14,35.93783297754865
16206,Ránquil,FORESTAL Y ASERRADEROS LEONERA LTDA.,Industria de la madera y silvicultura,80.16996469898316,Carbon monoxide | Nitrogen oxides (NOx) | Arsenic | Cadmium | Lead | Mercury,Ránquil,14,35.93783297754865
16206,Ránquil,322281,Industria de la madera y silvicultura,0.1159665481097417,Carbon monoxide | Nitrogen oxides (NOx),Ránquil,14,35.93783297754865
16206,Ránquil,ASERRADEROS NUEVA ALDEA,Industria de la madera y silvicultura,0.0175905196897982,Carbon monoxide | Nitrogen oxides (NOx),Ránquil,14,35.93783297754865
16206,Ránquil,PTAS ÑIPAS,"Captación, tratamiento y distribución de agua",0.0070362078759195,Carbon monoxide | Nitrogen oxides (NOx),Ránquil,14,35.93783297754865
08112,Hualpén,REFINERIA BIO BIO,Refinería de petróleo,38177.76139572765,"Carbon monoxide | Nitrogen oxides (NOx) | PM10, primary | PM2.5, primary | Arsenic | Cadmium | Lead | Mercury",Hualpén,15,34.60259635200805
08112,Hualpén,COGENERADORA PETROPOWER,Otras actividades,45.26051703969242,"Arsenic | Cadmium | Carbon monoxide | Lead | PM2.5, primary",Hualpén,15,34.60259635200805
08112,Hualpén,PTAS BIOBIO,"Captación, tratamiento y distribución de agua",1.17372742630181,Carbon monoxide | Nitrogen oxides (NOx),Hualpén,15,34.60259635200805
08112,Hualpén,HUALPEN GAS SA,Otras actividades,0.7747290854340274,"Carbon monoxide | Nitrogen oxides (NOx) | PM10, primary | PM2.5, primary | Sulfur dioxide",Hualpén,15,34.60259635200805
08112,Hualpén,CLASA SA,Otras industrias manufactureras,0.4736268175970497,"Arsenic | Cadmium | Carbon monoxide | Lead | Mercury | PM10, primary | PM2.5, primary | Sulfur dioxide",Hualpén,15,34.60259635200805
08112,Hualpén,SUBESTACIÓN HUALPEN,Otras actividades,0.321625062008283,Carbon monoxide | Nitrogen oxides (NOx),Hualpén,15,34.60259635200805
08112,Hualpén,CLINICA ANDES SALUD CONCEPCION S.A,Otras actividades,0.21499875979874525,"Arsenic | Cadmium | Carbon monoxide | Lead | Mercury | PM10, primary | PM2.5, primary | Sulfur dioxide | Nitrogen oxides (NOx)",Hualpén,15,34.60259635200805
08112,Hualpén,J633 - JUMBO HUALPEN,Comercio minorista,0.1921532413511751,"Carbon monoxide | Nitrogen oxides (NOx) | Arsenic | Cadmium | Lead | Mercury | PM10, primary | PM2.5, primary | Sulfur dioxide",Hualpén,15,34.60259635200805
08112,Hualpén,UNIMARC HUALPEN,Comercio minorista,0.16321600800076314,"Carbon monoxide | Nitrogen oxides (NOx) | PM10, primary | PM2.5, primary | Sulfur dioxide",Hualpén,15,34.60259635200805
08112,Hualpén,LIDER BIO BIO,Comercio minorista,0.1378647120022985,"Carbon monoxide | Nitrogen oxides (NOx) | Arsenic | Cadmium | Lead | Mercury | PM10, primary | PM2.5, primary | Sulfur dioxide",Hualpén,15,34.60259635200805
08112,Hualpén,M10 HUALPEN,Comercio minorista,0.13325326654381897,"Carbon monoxide | Nitrogen oxides (NOx) | PM10, primary | PM2.5, primary | Sulfur dioxide",Hualpén,15,34.60259635200805
08112,Hualpén,E633 - EASY CONCEPCIÓN,Comercio minorista,0.128058983341737,Carbon monoxide | Nitrogen oxides (NOx),Hualpén,15,34.60259635200805
08112,Hualpén,PLANTA LIPIGAS LENGA,Otras actividades,0.10884197091353599,"Carbon monoxide | Nitrogen oxides (NOx) | PM10, primary | PM2.5, primary",Hualpén,15,34.60259635200805
08112,Hualpén,M10 HUALPEN II,Comercio minorista,0.09173837010249504,"Carbon monoxide | Nitrogen oxides (NOx) | PM10, primary | PM2.5, primary | Sulfur dioxide",Hualpén,15,34.60259635200805
08112,Hualpén,SUPER BODEGA ACUENTA HUALPEN II,Comercio minorista,0.05516156515819059,"Carbon monoxide | Nitrogen oxides (NOx) | PM10, primary | PM2.5, primary | Sulfur dioxide",Hualpén,15,34.60259635200805
08112,Hualpén,CS7 HUALPEN,Otras actividades,0.0503968389112734,Carbon monoxide | Nitrogen oxides (NOx),Hualpén,15,34.60259635200805
08112,Hualpén,ASU HUALPEN,"Industria química, de plástico y caucho",0.0490440441827481,Carbon monoxide | Nitrogen oxides (NOx),Hualpén,15,34.60259635200805
08112,Hualpén,SUPER BODEGA ACUENTA HUALPEN,Comercio minorista,0.04680655632590009,"Carbon monoxide | Nitrogen oxides (NOx) | PM10, primary | PM2.5, primary | Sulfur dioxide",Hualpén,15,34.60259635200805
08112,Hualpén,PLANTA LENGA,"Industria química, de plástico y caucho",0.033070177016821,Carbon monoxide | Nitrogen oxides (NOx),Hualpén,15,34.60259635200805
08112,Hualpén,PEAS LA FLORESTA,"Captación, tratamiento y distribución de agua",0.0255062535502083,Carbon monoxide | Nitrogen oxides (NOx),Hualpén,15,34.60259635200805
08112,Hualpén,PEAS LENGA,"Captación, tratamiento y distribución de agua",0.0255062535502083,Carbon monoxide | Nitrogen oxides (NOx),Hualpén,15,34.60259635200805
08112,Hualpén,PEAS HUALPENCILLO,"Captación, tratamiento y distribución de agua",0.0246267275657183,Carbon monoxide | Nitrogen oxides (NOx),Hualpén,15,34.60259635200805
08112,Hualpén,HUALPENCILLO,Otras actividades,0.024222145612852297,Carbon monoxide | Nitrogen oxides (NOx),Hualpén,15,34.60259635200805
08112,Hualpén,PEAS PEÑUELAS,"Captación, tratamiento y distribución de agua",0.0202290976432682,Carbon monoxide | Nitrogen oxides (NOx),Hualpén,15,34.60259635200805
08112,Hualpén,PEAS RESIDENCIAL BIO BIO,"Captación, tratamiento y distribución de agua",0.0202290976432682,Carbon monoxide | Nitrogen oxides (NOx),Hualpén,15,34.60259635200805
08112,Hualpén,PLANTA CONCEPCION,Otras industrias manufactureras,0.0185579982727378,Carbon monoxide | Nitrogen oxides (NOx),Hualpén,15,34.60259635200805
08112,Hualpén,NEPHROCARE HUALPEN,Otras actividades,0.0142483209487374,Carbon monoxide | Nitrogen oxides (NOx),Hualpén,15,34.60259635200805
08112,Hualpén,F 697 COLON,Comercio minorista,0.013984463153389599,Carbon monoxide | Nitrogen oxides (NOx),Hualpén,15,34.60259635200805
08112,Hualpén,PETROQUIM S.A.,"Industria química, de plástico y caucho",0.008791741740961399,Carbon monoxide | Nitrogen oxides (NOx),Hualpén,15,34.60259635200805
08112,Hualpén,CAS MUTUAL DE SEGURIDAD CONCEPCION,Otras actividades,0.00314116423032116,Carbon monoxide | Nitrogen oxides (NOx),Hualpén,15,34.60259635200805
08112,Hualpén,PLANTA CONCEPCION,Otras actividades,0.00101145488216342,Carbon monoxide | Nitrogen oxides (NOx),Hualpén,15,34.60259635200805
08112,Hualpén,Construmart Hualpén,Comercio minorista,5.27715590693956e-4,Carbon monoxide | Nitrogen oxides (NOx),Hualpén,15,34.60259635200805
